time_s,phase,phase_progress,A1_joint,A2_joint,A3_joint,A4_joint,A5_joint,A6_joint,A7_joint,rh_thumb_cmc_roll,rh_thumb_cmc_yaw,rh_thumb_cmc_pitch,rh_thumb_mcp,rh_thumb_ip,rh_index_mcp_roll,rh_index_mcp_pitch,rh_index_pip,rh_index_dip,rh_middle_mcp_pitch,rh_middle_pip,rh_middle_dip,rh_ring_mcp_roll,rh_ring_mcp_pitch,rh_ring_pip,rh_ring_dip,rh_pinky_mcp_roll,rh_pinky_mcp_pitch,rh_pinky_pip,rh_pinky_dip,A7_x,A7_y,A7_z,thumb_tip_x,thumb_tip_y,thumb_tip_z,middle_tip_x,middle_tip_y,middle_tip_z
0.0,1/3 vertical_arm_open_hand,0.0,0.0,1.5,0.0,0.0,0.0,0.0,0.0,0.0,0.0,0.0,0.0,0.0,0.0,0.0,0.0,0.0,0.0,0.0,0.0,0.0,0.0,0.0,0.0,0.0,0.0,0.0,0.0,0.40060033,-0.33982226339792954,0.6137721970807081,0.4459070633817824,-0.4485331627424272,0.47248592359432856,0.391520542,-0.3649623882989921,0.35080379980793885
0.033333,2/3 raise_arm_pose,0.015152,-0.0006817486156329133,1.5,0.0008180983387594959,0.0,0.0,0.0,0.0,0.0,0.0,0.0,0.0,0.0,0.0,0.0,0.0,0.0,0.0,0.0,0.0,0.0,0.0,0.0,0.0,0.0,0.0,0.0,0.0,0.40099998965358585,-0.33982177349928966,0.6137727078474319,0.4464835580051561,-0.4484956674726863,0.47251478566126764,0.3921047823648854,-0.36496930578981707,0.3507987104610688
0.066667,2/3 raise_arm_pose,0.030303,-0.0026991679884241873,1.5,0.0032390015861090246,0.0,0.0,0.0,0.0,0.0,0.0,0.0,0.0,0.0,0.0,0.0,0.0,0.0,0.0,0.0,0.0,0.0,0.0,0.0,0.0,0.0,0.0,0.0,0.0,0.4021826504659633,-0.33982032380236943,0.613775815398558,0.44818922397782546,-0.44838432732625955,0.47260278987934684,0.3938337066208043,-0.36498975054626964,0.3507860028802234
0.1,2/3 raise_arm_pose,0.045455,-0.006010518407212622,1.4999999999999998,0.007212622088655147,0.0,0.0,0.0,0.0,0.0,0.0,0.0,0.0,0.0,0.0,0.0,0.0,0.0,0.0,0.0,0.0,0.0,0.0,0.0,0.0,0.0,0.0,0.0,0.0,0.40412381723933594,-0.33981794432829077,0.6137860880775579,0.4509879155912221,-0.44820033053491437,0.4727556465143676,0.3966716726068205,-0.3650232256801285,0.35077276954268655
0.133333,2/3 raise_arm_pose,0.060606,-0.010574060160837022,1.5,0.012688872193004427,0.0,0.0,0.0,0.0,0.0,0.0,0.0,0.0,0.0,0.0,0.0,0.0,0.0,0.0,0.0,0.0,0.0,0.0,0.0,0.0,0.0,0.0,0.0,0.0,0.40679894647865533,-0.33981466517234776,0.6138107785607047,0.4548429223390183,-0.4479442234840922,0.4729834168566615,0.40058306303590696,-0.36506919066158544,0.35077006283457496
0.166667,2/3 raise_arm_pose,0.075758,-0.016348053538136186,1.5000000000000002,0.019617664245763423,0.0,0.0,0.0,0.0,0.0,0.0,0.0,0.0,0.0,0.0,0.0,0.0,0.0,0.0,0.0,0.0,0.0,0.0,0.0,0.0,0.0,0.0,0.0,0.0,0.4101834047196996,-0.33981051657885664,0.6138595116137008,0.45971693636866995,-0.44761599175659816,0.4732999884010518,0.4055322114091338,-0.3651270652165694,0.3507924381129736
0.2,2/3 raise_arm_pose,0.090909,-0.023290758827948913,1.5,0.027948910593538694,0.0,0.0,0.0,0.0,0.0,0.0,0.0,0.0,0.0,0.0,0.0,0.0,0.0,0.0,0.0,0.0,0.0,0.0,0.0,0.0,0.0,0.0,0.0,0.0,0.41425241668450624,-0.3398055290339271,0.61394398132851,0.46557199755399264,-0.4472151403199859,0.4737225606238137,0.4114833128837014,-0.3651962328244679,0.35085751147584665
0.233333,2/3 raise_arm_pose,0.106061,-0.03136043631911401,1.5,0.03763252358293681,0.0,0.0,0.0,0.0,0.0,0.0,0.0,0.0,0.0,0.0,0.0,0.0,0.0,0.0,0.0,0.0,0.0,0.0,0.0,0.0,0.0,0.0,0.0,0.0,0.4189810068528554,-0.3397997333698179,0.6140776575078699,0.472369423998895,-0.44674077249489014,0.4742711416826922,0.41840032543396727,-0.36527604391377294,0.350985531429318
0.266667,2/3 raise_arm_pose,0.121212,-0.040515346300470274,1.5,0.04861841556056433,0.0,0.0,0.0,0.0,0.0,0.0,0.0,0.0,0.0,0.0,0.0,0.0,0.0,0.0,0.0,0.0,0.0,0.0,0.0,0.0,0.0,0.0,0.0,0.0,0.42434393770118356,-0.3397931608751275,0.6142755008731319,0.48006973509896556,-0.4461916673831451,0.4749680562804966,0.42624686614101365,-0.36536581884464636,0.3511989636789118
0.3,2/3 raise_arm_pose,0.136364,-0.050713749060856496,1.5,0.06085649887302779,0.0,0.0,0.0,0.0,0.0,0.0,0.0,0.0,0.0,0.0,0.0,0.0,0.0,0.0,0.0,0.0,0.0,0.0,0.0,0.0,0.0,0.0,0.0,0.0,0.43031564753616447,-0.33978584340563345,0.6145536868142716,0.48863257360709494,-0.4455663554619949,0.47583746496398827,0.434986106969073,-0.3654648507584193,0.3515220883618499
0.333333,2/3 raise_arm_pose,0.151515,-0.0619139048891115,1.5,0.07429668586693379,0.0,0.0,0.0,0.0,0.0,0.0,0.0,0.0,0.0,0.0,0.0,0.0,0.0,0.0,0.0,0.0,0.0,0.0,0.0,0.0,0.0,0.0,0.0,0.0,0.4368701905381774,-0.33977781349113434,0.6149293374710705,0.4980166324722555,-0.44486319206709746,0.4769048952514609,0.44458067393312745,-0.36557240836476385,0.3519806091693416
0.366667,2/3 raise_arm_pose,0.166667,-0.07407407407407407,1.5,0.08888888888888888,0.0,0.0,0.0,0.0,0.0,0.0,0.0,0.0,0.0,0.0,0.0,0.0,0.0,0.0,0.0,0.0,0.0,0.0,0.0,0.0,0.0,0.0,0.0,0.0,0.44398118132880743,-0.3397691044341738,0.6154202620243979,0.5081795915461175,-0.4440804284950408,0.47819678517031083,0.45499255312793396,-0.36568773872781674,0.3526012739702074
0.4,2/3 raise_arm_pose,0.181818,-0.08715251690458302,1.4999999999999998,0.10458302028549962,0.0,0.0,0.0,0.0,0.0,0.0,0.0,0.0,0.0,0.0,0.0,0.0,0.0,0.0,0.0,0.0,0.0,0.0,0.0,0.0,0.0,0.0,0.0,0.0,0.4516217460851758,-0.3397597503970248,0.6160447051795731,0.519078068578958,-0.4432162804582801,0.4797400400173533,0.46618300667137136,-0.36581007010297967,0.3534115067302275
0.433333,2/3 raise_arm_pose,0.19697,-0.10110749366947713,1.5,0.12132899240337255,0.0,0.0,0.0,0.0,0.0,0.0,0.0,0.0,0.0,0.0,0.0,0.0,0.0,0.0,0.0,0.0,0.0,0.0,0.0,0.0,0.0,0.0,0.0,0.0,0.45976448194114955,-0.33974978647381165,0.6168211039340912,0.5306675882530102,-0.44226899362405064,0.4815616034089863,0.4781125012113373,-0.36593861486660134,0.35443905071655724
0.466667,2/3 raise_arm_pose,0.212121,-0.11589726465759524,1.5,0.13907671758911427,0.0,0.0,0.0,0.0,0.0,0.0,0.0,0.0,0.0,0.0,0.0,0.0,0.0,0.0,0.0,0.0,0.0,0.0,0.0,0.0,0.0,0.0,0.0,0.0,0.46838142614040285,-0.339739248745127,0.6177678528342081,0.5429025723273673,-0.4412369059659532,0.4836880439465526,0.4907406512528389,-0.3660725725713058,0.35571162317535804
0.5,2/3 raise_arm_pose,0.227273,-0.1314800901577761,1.5,0.1577761081893313,0.0,0.0,0.0,0.0,0.0,0.0,0.0,0.0,0.0,0.0,0.0,0.0,0.0,0.0,0.0,0.0,0.0,0.0,0.0,0.0,0.0,0.0,0.0,0.0,0.4774440361381808,-0.3397281743129759,0.6189030780343009,0.5557363532941484,-0.44011850665434565,0.4861451590673927,0.5040261791782664,-0.3662111331504762,0.35725658186631737
0.533333,2/3 raise_arm_pose,0.242424,-0.14781423045885858,1.5,0.17737707655063029,0.0,0.0,0.0,0.0,0.0,0.0,0.0,0.0,0.0,0.0,0.0,0.0,0.0,0.0,0.0,0.0,0.0,0.0,0.0,0.0,0.0,0.0,0.0,0.0,0.4869231815870382,-0.33971660131434606,0.6202444205754083,0.569121213272519,-0.4389124912109772,0.48895759786903925,0.5179268934575154,-0.36635348028640496,0.35910060402357946
0.566667,2/3 raise_arm_pose,0.257576,-0.1648579458496814,1.5,0.19782953501961767,0.0,0.0,0.0,0.0,0.0,0.0,0.0,0.0,0.0,0.0,0.0,0.0,0.0,0.0,0.0,0.0,0.0,0.0,0.0,0.0,0.0,0.0,0.0,0.0,0.49678914888668085,-0.3397045689121641,0.6218088293913338,0.5830084491984143,-0.4376178126557637,0.4921485048697324,0.5323996861746636,-0.36649879494795845,0.36126937848307145
0.6,2/3 raise_arm_pose,0.272727,-0.18256949661908337,1.5,0.21908339594290002,0.0,0.0,0.0,0.0,0.0,0.0,0.0,0.0,0.0,0.0,0.0,0.0,0.0,0.0,0.0,0.0,0.0,0.0,0.0,0.0,0.0,0.0,0.0,0.0,0.5070116587295249,-0.33969211726285475,0.6236123646291069,0.5973484647079905,-0.43623372838030794,0.49573918679207596,0.5474005506339403,-0.36664625909536014,0.36378731186632657
0.633333,2/3 raise_arm_pose,0.287879,-0.20090714305590343,1.5,0.2410885716670841,0.0,0.0,0.0,0.0,0.0,0.0,0.0,0.0,0.0,0.0,0.0,0.0,0.0,0.0,0.0,0.0,0.0,0.0,0.0,0.0,0.0,0.0,0.0,0.0,0.5175598968322158,-0.3396792874601569,0.6256700119329774,0.6120908884678267,-0.4347598424945112,0.4997488045196404,0.5628846194500214,-0.3667950595419309,0.3666772498364216
0.666667,2/3 raise_arm_pose,0.30303,-0.2198291454489802,1.5,0.2637949745387762,0.0,0.0,0.0,0.0,0.0,0.0,0.0,0.0,0.0,0.0,0.0,0.0,0.0,0.0,0.0,0.0,0.0,0.0,0.0,0.0,0.0,0.0,0.0,0.0,0.5284025578099152,-0.3396661214552961,0.62799550838547,0.6271847180818928,-0.4331961434100194,0.5041940923724222,0.5788062231771268,-0.36694439195544776,0.3699602145389778
0.7,2/3 raise_arm_pose,0.318182,-0.23929376408715253,1.5,0.28715251690458304,0.0,0.0,0.0,0.0,0.0,0.0,0.0,0.0,0.0,0.0,0.0,0.0,0.0,0.0,0.0,0.0,0.0,0.0,0.0,0.0,0.0,0.0,0.0,0.0,0.5395079019257181,-0.3396526619540254,0.6306011808239044,0.6425784881123684,-0.43154303644759723,0.5090891067725706,0.5951189691894349,-0.36709346497522083,0.3736551594075041
0.733333,2/3 raise_arm_pose,0.333333,-0.25925925925925924,1.5,0.31111111111111106,0.0,0.0,0.0,0.0,0.0,0.0,0.0,0.0,0.0,0.0,0.0,0.0,0.0,0.0,0.0,0.0,0.0,0.0,0.0,0.0,0.0,0.0,0.0,0.0,0.5508438242333505,-0.3396389522914589,0.6334977972552953,0.6582204601973118,-0.4298013712849795,0.5144450062254954,0.6117758401938914,-0.36724150441516146,0.377778742545605
0.766667,2/3 raise_arm_pose,0.348485,-0.27968389125413917,1.5,0.335620669504967,0.0,0.0,0.0,0.0,0.0,0.0,0.0,0.0,0.0,0.0,0.0,0.0,0.0,0.0,0.0,0.0,0.0,0.0,0.0,0.0,0.0,0.0,0.0,0.0,0.5623779354287762,-0.3396250362860074,0.6366944320762032,0.6740588327420289,-0.42797246409717454,0.520269864324621,0.6287293114380219,-0.3673877575180448,0.3823451198973675
0.8,2/3 raise_arm_pose,0.363636,-0.3005259203606311,1.5,0.3606311044327573,0.0,0.0,0.0,0.0,0.0,0.0,0.0,0.0,0.0,0.0,0.0,0.0,0.0,0.0,0.0,0.0,0.0,0.0,0.0,0.0,0.0,0.0,0.0,0.0,0.5740776535370254,-0.3396109580740827,0.640198345767029,0.6900419672117064,-0.4260581142822844,0.5265685172044533,0.6459314853725384,-0.3675314972219329,0.3873657593810529
0.833333,2/3 raise_arm_pose,0.378788,-0.32174360686757375,1.5,0.38609232824108847,0.0,0.0,0.0,0.0,0.0,0.0,0.0,0.0,0.0,0.0,0.0,0.0,0.0,0.0,0.0,0.0,0.0,0.0,0.0,0.0,0.0,0.0,0.0,0.0,0.5859103053860472,-0.3395967619275793,0.6440148796729297,0.706118627668912,-0.42406061571216525,0.5333424465223006,0.6633342422443864,-0.3676720263963678,0.39284927709021455
0.866667,2/3 raise_arm_pose,0.393939,-0.34329521106380606,1.5,0.41195425327656726,0.0,0.0,0.0,0.0,0.0,0.0,0.0,0.0,0.0,0.0,0.0,0.0,0.0,0.0,0.0,0.0,0.0,0.0,0.0,0.0,0.0,0.0,0.0,0.0,0.597843236661291,-0.33958249205643776,0.6481473664070018,0.7222382298884824,-0.4219827624979758,0.5405896986521929,0.6808894048335449,-0.36780868200349576,0.39880129656158936
0.9,2/3 raise_arm_pose,0.409091,-0.36513899323816684,1.5,0.4381667918858002,0.0,0.0,0.0,0.0,0.0,0.0,0.0,0.0,0.0,0.0,0.0,0.0,0.0,0.0,0.0,0.0,0.0,0.0,0.0,0.0,0.0,0.0,0.0,0.0,0.609843929194544,-0.33956819239886493,0.6525970563169872,0.7383510961503382,-0.4198278493150416,0.5483048403352625,0.6985489153094785,-0.36794083913776565,0.4052243319722167
0.933333,2/3 raise_arm_pose,0.424242,-0.3872332136794947,1.5,0.4646798564153936,0.0,0.0,0.0,0.0,0.0,0.0,0.0,0.0,0.0,0.0,0.0,0.0,0.0,0.0,0.0,0.0,0.0,0.0,0.0,0.0,0.0,0.0,0.0,0.0,0.6218801240197153,-0.33955390640200434,0.6573630603463533,0.7544087116624839,-0.4175996663885144,0.5564789505607856,0.7162650219737653,-0.3680679148972608,0.41211769596180287
0.966667,2/3 raise_arm_pose,0.439394,-0.40953613267662853,1.5,0.4914433592119542,0.0,0.0,0.0,0.0,0.0,0.0,0.0,0.0,0.0,0.0,0.0,0.0,0.0,0.0,0.0,0.0,0.0,0.0,0.0,0.0,0.0,0.0,0.0,0.0,0.6339199486280079,-0.33953967679604796,0.662442309496277,0.7703639785046078,-0.41530248930000946,0.5650996479638917,0.7339904734769072,-0.3681893720401007,0.41947743258345316
1.0,2/3 raise_arm_pose,0.454545,-0.43200601051840715,1.5,0.5184072126220886,0.0,0.0,0.0,0.0,0.0,0.0,0.0,0.0,0.0,0.0,0.0,0.0,0.0,0.0,0.0,0.0,0.0,0.0,0.0,0.0,0.0,0.0,0.0,0.0,0.6459320467762429,-0.3395255453648965,0.6678295309592701,0.7861714630078128,-0.4129410638345484,0.5741511525331566,0.7516787179522002,-0.3683047223805828,0.4272962756703627
1.033333,2/3 raise_arm_pose,0.469697,-0.4546011074936695,1.5,0.5455213289924034,0.0,0.0,0.0,0.0,0.0,0.0,0.0,0.0,0.0,0.0,0.0,0.0,0.0,0.0,0.0,0.0,0.0,0.0,0.0,0.0,0.0,0.0,0.0,0.0,0.6578857091457794,-0.3395115527165867,0.6735172408506137,0.8017876325964772,-0.41052058614565595,0.5836143799376025,0.7692841043999531,-0.3684135298818982,0.4355636326722429
1.066667,2/3 raise_arm_pose,0.484848,-0.4772796838912542,1.5,0.572735620669505,0.0,0.0,0.0,0.0,0.0,0.0,0.0,0.0,0.0,0.0,0.0,0.0,0.0,0.0,0.0,0.0,0.0,0.0,0.0,0.0,0.0,0.0,0.0,0.0,0.6697510031159399,-0.3394977380567286,0.6794957533132819,0.8171710783101116,-0.4080466785730341,0.5934670663215451,0.7867620835828313,-0.36851541340518223,0.44426559376796054
1.1,2/3 raise_arm_pose,0.5,-0.5,1.5,0.6,0.0,0.0,0.0,0.0,0.0,0.0,0.0,0.0,0.0,0.0,0.0,0.0,0.0,0.0,0.0,0.0,0.0,0.0,0.0,0.0,0.0,0.0,0.0,0.0,0.6814988999052086,-0.3394841389681953,0.6857532056186706,0.8322827194902058,-0.40552536150081586,0.6036839209901241,0.8040694056586961,-0.3686100490783556,0.45338496580529997
1.133333,2/3 raise_arm_pose,0.515152,-0.5227203161087459,1.5,0.6272643793304951,0.0,0.0,0.0,0.0,0.0,0.0,0.0,0.0,0.0,0.0,0.0,0.0,0.0,0.0,0.0,0.0,0.0,0.0,0.0,0.0,0.0,0.0,0.0,0.0,0.6931013973455465,-0.3394707912002479,0.6922755987322625,0.8470859874513132,-0.4029630216937653,0.6142368040298676,0.8211643117813637,-0.36869717225255383,0.4629013303603176
1.166667,2/3 raise_arm_pose,0.530303,-0.5453988925063304,1.5,0.6544786710075965,0.0,0.0,0.0,0.0,0.0,0.0,0.0,0.0,0.0,0.0,0.0,0.0,0.0,0.0,0.0,0.0,0.0,0.0,0.0,0.0,0.0,0.0,0.0,0.0,0.7045316365893137,-0.33945772847017425,0.6990468526635094,0.8615469853469494,-0.40036637759294497,0.6250949255875862,0.838006716941812,-0.3687765790188367,0.4727911249530838
1.2,2/3 raise_arm_pose,0.545455,-0.5679939894815927,1.5,0.6815927873779113,0.0,0.0,0.0,0.0,0.0,0.0,0.0,0.0,0.0,0.0,0.0,0.0,0.0,0.0,0.0,0.0,0.0,0.0,0.0,0.0,0.0,0.0,0.0,0.0,0.7157640111036483,-0.339444982280374,0.7060488757757178,0.8756346218778854,-0.39774244209034165,0.6362250632755183,0.8545583814015227,-0.3688481272632228,0.48302774620923716
1.233333,2/3 raise_arm_pose,0.560606,-0.5904638673233714,1.5,0.7085566407880457,0.0,0.0,0.0,0.0,0.0,0.0,0.0,0.0,0.0,0.0,0.0,0.0,0.0,0.0,0.0,0.0,0.0,0.0,0.0,0.0,0.0,0.0,0.0,0.0,0.7267742663823709,-0.3394325817536279,0.7132616470975893,0.8893207169604342,-0.39509848333289016,0.6475917939873035,0.8707830681839818,-0.3689117372437484,0.49358167352323606
1.266667,2/3 raise_arm_pose,0.575758,-0.6127667863205054,1.5,0.7353201435846065,0.0,0.0,0.0,0.0,0.0,0.0,0.0,0.0,0.0,0.0,0.0,0.0,0.0,0.0,0.0,0.0,0.0,0.0,0.0,0.0,0.0,0.0,0.0,0.0,0.7375395888990531,-0.33942055348906736,0.7206633105560877,0.9025800779621511,-0.3924419841296069,0.6591577363019658,0.8866466842375049,-0.36896739167913417,0.5044206115647119
1.3,2/3 raise_arm_pose,0.590909,-0.6348610067618333,1.5,0.7618332081142,0.0,0.0,0.0,0.0,0.0,0.0,0.0,0.0,0.0,0.0,0.0,0.0,0.0,0.0,0.0,0.0,0.0,0.0,0.0,0.0,0.0,0.0,0.0,0.0,0.7480386829348367,-0.339408921441101,0.7282302799430829,0.9153905456084058,-0.3897806005505669,0.6708837996233172,0.9021174030592994,-0.3690151353445727,0.5155096497788124
1.333333,2/3 raise_arm_pose,0.606061,-0.6567047889361939,1.5,0.7880457467234326,0.0,0.0,0.0,0.0,0.0,0.0,0.0,0.0,0.0,0.0,0.0,0.0,0.0,0.0,0.0,0.0,0.0,0.0,0.0,0.0,0.0,0.0,0.0,0.0,0.7582518340388302,-0.33939770682326703,0.7359373533381525,0.927733009152247,-0.38712212031288873,0.6827294362493167,0.9171657667733948,-0.3690550741760324,0.5268114368693599
1.366667,2/3 raise_arm_pose,0.621212,-0.6782563931324262,1.5,0.8139076717589114,0.0,0.0,0.0,0.0,0.0,0.0,0.0,0.0,0.0,0.0,0.0,0.0,0.0,0.0,0.0,0.0,0.0,0.0,0.0,0.0,0.0,0.0,0.0,0.0,0.7681609580150691,-0.3393869280386791,0.7437578356390435,0.9395913908691682,-0.38447442154652794,0.6946528926870217,0.9317647658796047,-0.36908737389015694,0.5382863681239101
1.4,2/3 raise_arm_pose,0.636364,-0.6994740796393689,1.5,0.8393688955672427,0.0,0.0,0.0,0.0,0.0,0.0,0.0,0.0,0.0,0.0,0.0,0.0,0.0,0.0,0.0,0.0,0.0,0.0,0.0,0.0,0.0,0.0,0.0,0.0,0.7777496344755821,-0.3393766006384131,0.7516636678013915,0.9509526003761353,-0.38184543252148684,0.7066114567188652,0.9458898951324501,-0.3691122581322141,0.5498927833457129
1.433333,2/3 raise_arm_pose,0.651515,-0.7203161087458608,1.5,0.864379330495033,0.0,0.0,0.0,0.0,0.0,0.0,0.0,0.0,0.0,0.0,0.0,0.0,0.0,0.0,0.0,0.0,0.0,0.0,0.0,0.0,0.0,0.0,0.0,0.0,0.7870031241514518,-0.3393667373088542,0.7596255613618061,0.9618064596702606,-0.3792430928981601,0.7185616969783919,0.9595191842632093,-0.3691300061694772,0.5615871731017981
1.466667,2/3 raise_arm_pose,0.666667,-0.7407407407407407,1.5,0.8888888888888888,0.0,0.0,0.0,0.0,0.0,0.0,0.0,0.0,0.0,0.0,0.0,0.0,0.0,0.0,0.0,0.0,0.0,0.0,0.0,0.0,0.0,0.0,0.0,0.0,0.7959083693102339,-0.33935734788870303,0.7676131368143945,0.9721456001282329,-0.376675317034261,0.7304596921000759,0.972633202520005,-0.36914095015182374,0.5733243909808137
1.5,2/3 raise_arm_pose,0.681818,-0.7607062359128475,1.5,0.912847483095417,0.0,0.0,0.0,0.0,0.0,0.0,0.0,0.0,0.0,0.0,0.0,0.0,0.0,0.0,0.0,0.0,0.0,0.0,0.0,0.0,0.0,0.0,0.0,0.0,0.8044539767860531,-0.3393484394160102,0.7755950644309849,0.9819653329962346,-0.37414995984549787,0.7422612468592839,0.9852150362651706,-0.3691454719650732,0.5850578695801318
1.533333,2/3 raise_arm_pose,0.69697,-0.7801708545510199,1.5,0.9362050254612237,0.0,0.0,0.0,0.0,0.0,0.0,0.0,0.0,0.0,0.0,0.0,0.0,0.0,0.0,0.0,0.0,0.0,0.0,0.0,0.0,0.0,0.0,0.0,0.0,0.8126301832855719,-0.33934001620531046,0.7835392061600607,0.991263495126904,-0.3716747856734989,0.753922093104904,0.9972502391312298,-0.36914399970562534,0.5967398380095392
1.566667,2/3 raise_arm_pose,0.712121,-0.7990928569440967,1.5,0.958911428332916,0.0,0.0,0.0,0.0,0.0,0.0,0.0,0.0,0.0,0.0,0.0,0.0,0.0,0.0,0.0,0.0,0.0,0.0,0.0,0.0,0.0,0.0,0.0,0.0,0.8204288027864189,-0.3393320799546312,0.791412757308779,1.0000402718822083,-0.36925744056399984,0.7653980736986147,1.0087267544921554,-0.36913700380718256,0.6083215388084297
1.6,2/3 raise_arm_pose,0.727273,-0.8174305033809166,1.5,0.9809166040570999,0.0,0.0,0.0,0.0,0.0,0.0,0.0,0.0,0.0,0.0,0.0,0.0,0.0,0.0,0.0,0.0,0.0,0.0,0.0,0.0,0.0,0.0,0.0,0.0,0.8278431559923456,-0.3393246298818852,0.7991823868061485,1.0082979992181675,-0.3669054283017825,0.7766453081012562,1.0196348102509796,-0.3691249928517301,0.6197534423240025
1.633333,2/3 raise_arm_pose,0.742424,-0.8351420541503186,1.5,1.0021704649803822,0.0,0.0,0.0,0.0,0.0,0.0,0.0,0.0,0.0,0.0,0.0,0.0,0.0,0.0,0.0,0.0,0.0,0.0,0.0,0.0,0.0,0.0,0.0,0.0,0.8348679819494332,-0.3393176628899203,0.8068143749628777,1.0160409470004592,-0.3646260904870075,0.7876203386789642,1.0299667861746802,-0.36910850909745124,0.6309854567881563
1.666667,2/3 raise_arm_pose,0.757576,-0.8521857695411413,1.5,1.0226229234493696,0.0,0.0,0.0,0.0,0.0,0.0,0.0,0.0,0.0,0.0,0.0,0.0,0.0,0.0,0.0,0.0,0.0,0.0,0.0,0.0,0.0,0.0,0.0,0.0,0.8414993320584633,-0.3393111737592895,0.8142747477837488,1.0232750855719337,-0.3624265908712167,0.7982802572311533,1.039717054219545,-0.36908812375586314,0.6419671325586849
1.7,2/3 raise_arm_pose,0.772727,-0.8685199098422238,1.5,1.0422238918106685,0.0,0.0,0.0,0.0,0.0,0.0,0.0,0.0,0.0,0.0,0.0,0.0,0.0,0.0,0.0,0.0,0.0,0.0,0.0,0.0,0.0,0.0,0.0,0.0,0.8477344468388694,-0.3393051553676313,0.8215294070505792,1.0300078375084325,-0.36031390410115277,0.8085828116619056,1.0488817924826384,-0.36906443204916567,0.6526478592538085
1.733333,2/3 raise_arm_pose,0.787879,-0.8841027353424048,1.5,1.0609232824108856,0.0,0.0,0.0,0.0,0.0,0.0,0.0,0.0,0.0,0.0,0.0,0.0,0.0,0.0,0.0,0.0,0.0,0.0,0.0,0.0,0.0,0.0,0.0,0.0,0.8535716159086815,-0.3392995989344157,0.8285442555765613,1.0362478163637239,-0.35829480894536725,0.8184864931199132,1.057458773586038,-0.36903804807663126,0.6629770548052742
1.766667,2/3 raise_arm_pose,0.80303,-0.8988925063305228,1.5,1.0786710075966273,0.0,0.0,0.0,0.0,0.0,0.0,0.0,0.0,0.0,0.0,0.0,0.0,0.0,0.0,0.0,0.0,0.0,0.0,0.0,0.0,0.0,0.0,0.0,0.0,0.859010021742218,-0.33929449428970276,0.8352853172347245,1.0420045540245193,-0.3563758860030261,0.827950604315795,1.0654471284495937,-0.3690095995158452,0.6729043457815959
1.8,2/3 raise_arm_pose,0.818182,-0.9128474830954171,1.5,1.0954169797145004,0.0,0.0,0.0,0.0,0.0,0.0,0.0,0.0,0.0,0.0,0.0,0.0,0.0,0.0,0.0,0.0,0.0,0.0,0.0,0.0,0.0,0.0,0.0,0.0,0.864049567853141,-0.33928983016549874,0.8417188515827707,1.0472882180797596,-0.35456351981692924,0.8369353100867492,1.072847086535364,-0.3689797221808134,0.6823797386862801
1.833333,2/3 raise_arm_pose,0.833333,-0.925925925925926,1.5,1.1111111111111112,0.0,0.0,0.0,0.0,0.0,0.0,0.0,0.0,0.0,0.0,0.0,0.0,0.0,0.0,0.0,0.0,0.0,0.0,0.0,0.0,0.0,0.0,0.0,0.0,0.8686906921255386,-0.33928559450825824,0.847811463142097,1.0521093203624903,-0.3528639052339678,0.8454016716165744,1.079659693753887,-0.368949054454428,0.6913537823132705
1.866667,2/3 raise_arm_pose,0.848485,-0.9380860951108886,1.5,1.1257033141330663,0.0,0.0,0.0,0.0,0.0,0.0,0.0,0.0,0.0,0.0,0.0,0.0,0.0,0.0,0.0,0.0,0.0,0.0,0.0,0.0,0.0,0.0,0.0,0.0,0.8729341660812343,-0.3392817748110735,0.8535302056386771,1.0564784175556783,-0.35128305777637164,0.8533116660351281,1.0858865093113568,-0.36891823160763304,0.6997777216401389
1.9,2/3 raise_arm_pose,0.863636,-0.9492862509391435,1.5,1.1391435011269722,0.0,0.0,0.0,0.0,0.0,0.0,0.0,0.0,0.0,0.0,0.0,0.0,0.0,0.0,0.0,0.0,0.0,0.0,0.0,0.0,0.0,0.0,0.0,0.0,0.8767808809293755,-0.3392783584641164,0.8588426817759454,1.0604058044732882,-0.3498268277062874,0.8606281934181804,1.0915292828508714,-0.3688878800119473,0.7076036441558681
1.933333,2/3 raise_arm_pose,0.878788,-0.9594846536995297,1.5,1.1513815844394357,0.0,0.0,0.0,0.0,0.0,0.0,0.0,0.0,0.0,0.0,0.0,0.0,0.0,0.0,0.0,0.0,0.0,0.0,0.0,0.0,0.0,0.0,0.0,0.0,0.8802316212969556,-0.33927533312193026,0.8637171393832042,1.0639012003427426,-0.3485009173844775,0.8673150734909211,1.0965896133045152,-0.3688586112458967,0.7147846199515108
1.966667,2/3 raise_arm_pose,0.893939,-0.9686395636808859,1.5,1.162367476417063,0.0,0.0,0.0,0.0,0.0,0.0,0.0,0.0,0.0,0.0,0.0,0.0,0.0,0.0,0.0,0.0,0.0,0.0,0.0,0.0,0.0,0.0,0.0,0.0,0.8832868275894002,-0.3392726870862212,0.8681225650655264,1.066973428132334,-0.3473109014410806,0.8733370346120295,1.1010685909315865,-0.3688310160895283,0.7212748373457036
2.0,2/3 raise_arm_pose,0.909091,-0.976709241172051,1.5,1.1720510894064613,0.0,0.0,0.0,0.0,0.0,0.0,0.0,0.0,0.0,0.0,0.0,0.0,0.0,0.0,0.0,0.0,0.0,0.0,0.0,0.0,0.0,0.0,0.0,0.0,0.8859463479823032,-0.3392704097028503,0.8720287767709466,1.0696300866947552,-0.346262249192091,0.87865969788779,1.1049664240780552,-0.36880565839465096,0.7270297362703301
2.033333,2/3 raise_arm_pose,0.924242,-0.9836519464618638,1.5,1.1803823357542365,0.0,0.0,0.0,0.0,0.0,0.0,0.0,0.0,0.0,0.0,0.0,0.0,0.0,0.0,0.0,0.0,0.0,0.0,0.0,0.0,0.0,0.0,0.0,0.0,0.888209181103239,-0.3392684917717683,0.8754065169859913,1.0718772152433083,-0.34536034864903703,0.8832495595457808,1.1082820522609014,-0.36878306881195216,0.7320061421017641
2.066667,2/3 raise_arm_pose,0.939394,-0.9894259398391629,1.5,1.1873111278069954,0.0,0.0,0.0,0.0,0.0,0.0,0.0,0.0,0.0,0.0,0.0,0.0,0.0,0.0,0.0,0.0,0.0,0.0,0.0,0.0,0.0,0.0,0.0,0.0,0.8900732105311301,-0.33926692596866165,0.8782275485693576,1.0737189494481616,-0.3446105313806605,0.8870739749949694,1.1110127472666298,-0.3687637383498421,0.736162403087339
2.1,2/3 raise_arm_pose,0.954545,-0.9939894815927874,1.5,1.192787377911345,0.0,0.0,0.0,0.0,0.0,0.0,0.0,0.0,0.0,0.0,0.0,0.0,0.0,0.0,0.0,0.0,0.0,0.0,0.0,0.0,0.0,0.0,0.0,0.0,0.8915349323255569,-0.339265707277068,0.8804647555336552,1.0751571682444485,-0.34401809739353434,0.8901011483241735,1.1131537040655473,-0.36874811173398747,0.7394585349819661
2.133333,2/3 raise_arm_pose,0.969697,-0.9973008320115758,1.5,1.196760998413891,0.0,0.0,0.0,0.0,0.0,0.0,0.0,0.0,0.0,0.0,0.0,0.0,0.0,0.0,0.0,0.0,0.0,0.0,0.0,0.0,0.0,0.0,0.0,0.0,0.8925891769057004,-0.33926483342966796,0.8820922513841521,1.076191130290953,-0.3435883391027385,0.8923001313550285,1.1146976234925887,-0.36873658053122854,0.7418563769728022
2.166667,2/3 raise_arm_pose,0.984848,-0.999318251384367,1.5,1.1991819016612404,0.0,0.0,0.0,0.0,0.0,0.0,0.0,0.0,0.0,0.0,0.0,0.0,0.0,0.0,0.0,0.0,0.0,0.0,0.0,0.0,0.0,0.0,0.0,0.0,0.8932288267350876,-0.3392643053573426,0.883085497918634,1.0768170989179533,-0.3433265633631858,0.8936408367805275,1.1156342888430015,-0.3687294759971751,0.7433197634265712
2.2,2/3 raise_arm_pose,1.0,-1.0,1.5,1.2,0.0,0.0,0.0,0.0,0.0,0.0,0.0,0.0,0.0,0.0,0.0,0.0,0.0,0.0,0.0,0.0,0.0,0.0,0.0,0.0,0.0,0.0,0.0,0.0,0.8934445314411387,-0.33926412764439273,0.8834214376804688,1.0770279543676653,-0.3432381104262292,0.8940940703976179,1.1159501387891597,-0.3687270616035143,0.7438147164397505
2.233333,3/3 curl_four_fingers_thumb_up,0.016667,-1.0,1.5000000000000002,1.2,0.0,0.0,0.0,0.0,0.0,0.0005274074074074074,0.0,0.0,0.0,4.944444444444444e-05,0.0009724074074074074,0.001302037037037037,0.0011125,0.0009724074074074074,0.001302037037037037,0.00045324074074074076,6.592592592592593e-05,0.0009724074074074074,0.001302037037037037,0.00045324074074074076,0.00013185185185185186,0.0009724074074074074,0.001302037037037037,0.00045324074074074076,0.8934445314411387,-0.3392641276443926,0.8834214376804688,1.0770349778235622,-0.3431960187785432,0.8940938525186684,1.1159850971333156,-0.3686415682644354,0.7438323214699438
2.266667,3/3 curl_four_fingers_thumb_up,0.033333,-1.0,1.5,1.2,0.0,0.0,0.0,0.0,0.0,0.002085925925925926,0.0,0.0,0.0,0.00019555555555555553,0.0038459259259259254,0.00514962962962963,0.0044,0.0038459259259259254,0.00514962962962963,0.0017925925925925926,0.00026074074074074075,0.0038459259259259254,0.00514962962962963,0.0017925925925925926,0.0005214814814814815,0.0038459259259259254,0.00514962962962963,0.0017925925925925926,0.8934445314411387,-0.33926412764439273,0.8834214376804688,1.0770556864332186,-0.34307162862070767,0.8940930856922609,1.11608762723642,-0.3683887027876406,0.7438849158119727
2.3,3/3 curl_four_fingers_thumb_up,0.05,-1.0,1.5,1.2,0.0,0.0,0.0,0.0,0.0,0.004640000000000001,0.0,0.0,0.0,0.00043500000000000006,0.008555000000000002,0.011455000000000002,0.009787500000000003,0.008555000000000002,0.011455000000000002,0.003987500000000001,0.0005800000000000001,0.008555000000000002,0.011455000000000002,0.003987500000000001,0.0011600000000000002,0.008555000000000002,0.011455000000000002,0.003987500000000001,0.8934445314411387,-0.33926412764439273,0.8834214376804688,1.0770894743082662,-0.34286775822564475,0.8940914316786024,1.116253144182256,-0.3679735918691369,0.7439729466970036
2.333333,3/3 curl_four_fingers_thumb_up,0.066667,-1.0,1.5,1.2,0.0,0.0,0.0,0.0,0.0,0.008154074074074074,0.0,0.0,0.0,0.0007644444444444444,0.015034074074074075,0.02013037037037037,0.017200000000000003,0.015034074074074075,0.02013037037037037,0.007007407407407408,0.0010192592592592593,0.015034074074074075,0.02013037037037037,0.007007407407407408,0.0020385185185185185,0.015034074074074075,0.02013037037037037,0.007007407407407408,0.8934445314411387,-0.33926412764439273,0.8834214376804688,1.0771356590933818,-0.34258721678491477,0.8940883493253635,1.1164757581438076,-0.3674010499821651,0.744097790823363
2.366667,3/3 curl_four_fingers_thumb_up,0.083333,-1.0,1.5,1.2,0.0,0.0,0.0,0.0,0.0,0.012592592592592593,0.0,0.0,0.0,0.0011805555555555556,0.023217592592592592,0.031087962962962967,0.026562500000000003,0.023217592592592592,0.031087962962962967,0.01082175925925926,0.001574074074074074,0.023217592592592592,0.031087962962962967,0.01082175925925926,0.003148148148148148,0.023217592592592592,0.031087962962962967,0.01082175925925926,0.8934445314411387,-0.33926412764439273,0.8834214376804688,1.077193491397203,-0.3422328085197652,0.8940831209073522,1.116748410968355,-0.366675697349239,0.7442616184431624
2.4,3/3 curl_four_fingers_thumb_up,0.1,-1.0,1.5,1.2,0.0,0.0,0.0,0.0,0.0,0.017920000000000002,0.0,0.0,0.0,0.0016800000000000003,0.03304,0.04424000000000001,0.03780000000000001,0.03304,0.04424000000000001,0.015400000000000004,0.0022400000000000002,0.03304,0.04424000000000001,0.015400000000000004,0.0044800000000000005,0.03304,0.04424000000000001,0.015400000000000004,0.8934445314411387,-0.33926412764439273,0.8834214376804688,1.0772621637804476,-0.34180733731221646,0.8940748775427058,1.1170630028920632,-0.3658020919755062,0.7444672570420475
2.433333,3/3 curl_four_fingers_thumb_up,0.116667,-1.0,1.5,1.2,0.0,0.0,0.0,0.0,0.0,0.024100740740740742,0.0,0.0,0.0,0.0022594444444444446,0.04443574074074074,0.05949870370370371,0.05083750000000001,0.04443574074074074,0.05949870370370371,0.020711574074074077,0.0030125925925925928,0.04443574074074074,0.05949870370370371,0.020711574074074077,0.0060251851851851855,0.04443574074074074,0.05949870370370371,0.020711574074074077,0.8934445314411387,-0.33926412764439273,0.8834214376804688,1.0773408193469016,-0.3413136116166217,0.8940626236991768,1.1174105137556485,-0.3647848697414976,0.7447180546900436
2.466667,3/3 curl_four_fingers_thumb_up,0.133333,-1.0,1.5,1.2,0.0,0.0,0.0,0.0,0.0,0.031099259259259264,0.0,0.0,0.0,0.0029155555555555558,0.05733925925925926,0.0767762962962963,0.0656,0.05733925925925926,0.0767762962962963,0.02672592592592593,0.003887407407407408,0.05733925925925926,0.0767762962962963,0.02672592592592593,0.007774814814814816,0.05733925925925926,0.0767762962962963,0.02672592592592593,0.8934445314411387,-0.33926412764439273,0.8834214376804688,1.0774285599782192,-0.34075444943787997,0.8940452608030967,1.1177811227270544,-0.36362888706246915,0.7450177431317284
2.5,3/3 curl_four_fingers_thumb_up,0.15,-1.0,1.5,1.2,0.0,0.0,0.0,0.0,0.0,0.03888,0.0,0.0,0.0,0.003645,0.071685,0.095985,0.0820125,0.071685,0.095985,0.033412500000000005,0.00486,0.071685,0.095985,0.033412500000000005,0.00972,0.071685,0.095985,0.033412500000000005,0.8934445314411387,-0.33926412764439273,0.8834214376804688,1.0775244542483304,-0.34013268318710443,0.8940216099610337,1.1181643300288622,-0.36233936103339587,0.7453703008043607
2.533333,3/3 curl_four_fingers_thumb_up,0.166667,-1.0,1.5,1.2,0.0,0.0,0.0,0.0,0.0,0.047407407407407405,0.0,0.0,0.0,0.0044444444444444444,0.08740740740740739,0.11703703703703704,0.1,0.08740740740740739,0.11703703703703704,0.040740740740740744,0.005925925925925926,0.08740740740740739,0.11703703703703704,0.040740740740740744,0.011851851851851851,0.08740740740740739,0.11703703703703704,0.040740740740740744,0.8934445314411387,-0.33926412764439273,0.8834214376804688,1.0776275450478394,-0.33945116424908883,0.893990433800414,1.1185490835465888,-0.36092200232741406,0.7457798161900531
2.566667,3/3 curl_four_fingers_thumb_up,0.183333,-1.0,1.5,1.2,0.0,0.0,0.0,0.0,0.0,0.05664592592592592,0.0,0.0,0.0,0.0053105555555555545,0.10444092592592591,0.13984462962962962,0.1194875,0.10444092592592591,0.13984462962962962,0.04868009259259259,0.00708074074074074,0.10444092592592591,0.13984462962962962,0.04868009259259259,0.01416148148148148,0.10444092592592591,0.13984462962962962,0.04868009259259259,0.8934445314411387,-0.33926412764439273,0.8834214376804688,1.0777368569432473,-0.338712767118472,0.8939504574308571,1.118923912484381,-0.3593831364360467,0.7462503521914792
2.6,3/3 curl_four_fingers_thumb_up,0.2,-1.0,1.5,1.2,0.0,0.0,0.0,0.0,0.0,0.06656000000000002,0.0,0.0,0.0,0.006240000000000001,0.12272000000000002,0.16432000000000005,0.14040000000000005,0.12272000000000002,0.16432000000000005,0.057200000000000015,0.008320000000000003,0.12272000000000002,0.16432000000000005,0.057200000000000015,0.016640000000000005,0.12272000000000002,0.16432000000000005,0.057200000000000015,0.8934445314411387,-0.33926412764439273,0.8834214376804688,1.077851403290274,-0.33792039298312404,0.8939003885230148,1.1192770694606289,-0.3577298091651513,0.7467858125405886
2.633333,3/3 curl_four_fingers_thumb_up,0.216667,-1.0,1.5000000000000002,1.2,0.0,0.0,0.0,0.0,0.0,0.07711407407407408,0.0,0.0,0.0,0.007229444444444445,0.14217907407407407,0.1903753703703704,0.16266250000000002,0.14217907407407407,0.1903753703703704,0.06626990740740742,0.00963925925925926,0.14217907407407407,0.1903753703703704,0.06626990740740742,0.01927851851851852,0.14217907407407407,0.1903753703703704,0.06626990740740742,0.8934445314411387,-0.3392641276443926,0.8834214376804688,1.0779701931151002,-0.3370769726540306,0.8938389364966035,1.1195966816211604,-0.3559698726609803,0.7473898115786772
2.666667,3/3 curl_four_fingers_thumb_up,0.233333,-1.0,1.5,1.2,0.0,0.0,0.0,0.0,0.0,0.0882725925925926,0.0,0.0,0.0,0.008275555555555555,0.1627525925925926,0.21792296296296296,0.1862,0.1627525925925926,0.21792296296296296,0.07585925925925927,0.011034074074074075,0.1627525925925926,0.21792296296296296,0.07585925925925927,0.02206814814814815,0.1627525925925926,0.21792296296296296,0.07585925925925927,0.8934445314411387,-0.33926412764439273,0.8834214376804688,1.0780922377720565,-0.33618546876087557,0.8937648308043467,1.1198709105163835,-0.35411204866067614,0.7480655490580302
2.7,3/3 curl_four_fingers_thumb_up,0.25,-1.0,1.5,1.2,0.0,0.0,0.0,0.0,0.0,0.1,0.0,0.0,0.0,0.009375,0.18437499999999998,0.246875,0.2109375,0.18437499999999998,0.246875,0.0859375,0.0125,0.18437499999999998,0.246875,0.0859375,0.025,0.18437499999999998,0.246875,0.0859375,0.8934445314411387,-0.33926412764439273,0.8834214376804688,1.0782165573812954,-0.33524887715164997,0.8936768382939146,1.1200881196667936,-0.3521659661591659,0.7488156918863819
2.733333,3/3 curl_four_fingers_thumb_up,0.266667,-1.0,1.4999999999999998,1.2,0.0,0.0,0.0,0.0,0.0,0.11226074074074076,0.0,0.0,0.0,0.010524444444444446,0.20698074074074074,0.2771437037037037,0.23680000000000004,0.20698074074074074,0.2771437037037037,0.09647407407407409,0.014032592592592595,0.20698074074074074,0.2771437037037037,0.09647407407407409,0.02806518518518519,0.20698074074074074,0.2771437037037037,0.09647407407407409,0.8934445314411387,-0.33926412764439273,0.8834214376804688,1.078342187045303,-0.3342702274529634,0.8935737796258726,1.12023704795585,-0.35014217127064934,0.7496422649442923
2.766667,3/3 curl_four_fingers_thumb_up,0.283333,-1.0,1.5,1.2,0.0,0.0,0.0,0.0,0.0,0.12501925925925927,0.0,0.0,0.0,0.011720555555555555,0.23050425925925924,0.30864129629629633,0.2637125,0.23050425925925924,0.30864129629629633,0.10743842592592594,0.01562740740740741,0.23050425925925924,0.30864129629629633,0.10743842592592594,0.03125481481481482,0.23050425925925924,0.30864129629629633,0.10743842592592594,0.8934445314411387,-0.33926412764439273,0.8834214376804688,1.0784681828388438,-0.3332525827652979,0.8934545447222486,1.1203069862683972,-0.3480521077404801,0.7505465532339891
2.8,3/3 curl_four_fingers_thumb_up,0.3,-1.0,1.5000000000000002,1.2,0.0,0.0,0.0,0.0,0.0,0.13824,0.0,0.0,0.0,0.01296,0.25488,0.34128000000000003,0.2916,0.25488,0.34128000000000003,0.1188,0.01728,0.25488,0.34128000000000003,0.1188,0.03456,0.25488,0.34128000000000003,0.1188,0.8934445314411387,-0.3392641276443926,0.8834214376804688,1.0785936275631127,-0.3321990384842202,0.8933181072177713,1.1202879541646364,-0.34590806732681745,0.7515290176518004
2.833333,3/3 curl_four_fingers_thumb_up,0.316667,-1.0,1.5,1.2,0.0,0.0,0.0,0.0,0.0,0.1518874074074074,0.0,0.0,0.0,0.014239444444444442,0.2800424074074074,0.374972037037037,0.3203875,0.2800424074074074,0.374972037037037,0.13052824074074074,0.018985925925925923,0.2800424074074074,0.374972037037037,0.13052824074074074,0.03797185185185185,0.2800424074074074,0.374972037037037,0.13052824074074074,0.8934445314411387,-0.33926412764439273,0.8834214376804688,1.078717636251526,-0.33111272025452193,0.8931635378841638,1.1201708728710378,-0.34372311010735634,0.752589226604903
2.866667,3/3 curl_four_fingers_thumb_up,0.333333,-1.0,1.5,1.2,0.0,0.0,0.0,0.0,0.0,0.16592592592592592,0.0,0.0,0.0,0.015555555555555553,0.3059259259259259,0.4096296296296296,0.35,0.3059259259259259,0.4096296296296296,0.1425925925925926,0.02074074074074074,0.3059259259259259,0.4096296296296296,0.1425925925925926,0.04148148148148148,0.3059259259259259,0.4096296296296296,0.1425925925925926,0.8934445314411387,-0.33926412764439273,0.8834214376804688,1.0788393614117946,-0.32999678107934755,0.8929900169971988,1.1199477305047518,-0.3415109556535831,0.7537258055116745
2.9,3/3 curl_four_fingers_thumb_up,0.35,-1.0,1.5,1.2,0.0,0.0,0.0,0.0,0.0,0.18031999999999998,0.0,0.0,0.0,0.016904999999999996,0.3324649999999999,0.4451649999999999,0.38036249999999994,0.3324649999999999,0.4451649999999999,0.15496249999999998,0.022539999999999998,0.3324649999999999,0.4451649999999999,0.15496249999999998,0.045079999999999995,0.3324649999999999,0.4451649999999999,0.15496249999999998,0.8934445314411387,-0.33926412764439273,0.8834214376804688,1.0789579979866202,-0.3288543976205702,0.8927968456165409,1.119611735247306,-0.33928584692569036,0.7549364059337832
2.933333,3/3 curl_four_fingers_thumb_up,0.366667,-1.0,1.4999999999999998,1.2,0.0,0.0,0.0,0.0,0.0,0.19503407407407405,0.0,0.0,0.0,0.01828444444444444,0.359594074074074,0.48149037037037035,0.4114,0.359594074074074,0.48149037037037035,0.1676074074074074,0.024379259259259257,0.359594074074074,0.48149037037037035,0.1676074074074074,0.048758518518518514,0.359594074074074,0.48149037037037035,0.1676074074074074,0.8934445314411387,-0.33926412764439273,0.8834214376804688,1.079072788013661,-0.3276887657398907,0.8925834557497362,1.1191574521612122,-0.3370623896426464,0.756217695693318
2.966667,3/3 curl_four_fingers_thumb_up,0.383333,-1.0,1.5,1.2,0.0,0.0,0.0,0.0,0.0,0.21003259259259263,0.0,0.0,0.0,0.01969055555555556,0.3872475925925926,0.518517962962963,0.4430375000000001,0.3872475925925926,0.518517962962963,0.18049675925925932,0.02625407407407408,0.3872475925925926,0.518517962962963,0.18049675925925932,0.05250814814814816,0.3872475925925926,0.518517962962963,0.18049675925925932,0.8934445314411387,-0.33926412764439273,0.8834214376804688,1.0791830249642365,-0.3265030953423493,0.892349419374041,1.1185809195074958,-0.334855370737861,0.7575653708413639
3.0,3/3 curl_four_fingers_thumb_up,0.4,-1.0,1.5,1.2,0.0,0.0,0.0,0.0,0.0,0.22528000000000006,0.0,0.0,0.0,0.021120000000000003,0.41536000000000006,0.5561600000000002,0.4752000000000002,0.41536000000000006,0.5561600000000002,0.19360000000000008,0.028160000000000008,0.41536000000000006,0.5561600000000002,0.19360000000000008,0.056320000000000016,0.41536000000000006,0.5561600000000002,0.19360000000000008,0.8934445314411387,-0.33926412764439273,0.8834214376804688,1.0792880577396164,-0.32530060459506266,0.8920944562930601,1.117879740773047,-0.3326795602839358,0.7589741897824194
3.033333,3/3 curl_four_fingers_thumb_up,0.416667,-1.0,1.5,1.2,0.0,0.0,0.0,0.0,0.0,0.24074074074074076,0.0,0.0,0.0,0.022569444444444444,0.44386574074074076,0.5943287037037038,0.5078125000000001,0.44386574074074076,0.5943287037037038,0.2068865740740741,0.030092592592592594,0.44386574074074076,0.5943287037037038,0.2068865740740741,0.06018518518518519,0.44386574074074076,0.5943287037037038,0.2068865740740741,0.8934445314411387,-0.33926412764439273,0.8834214376804688,1.0793872943036737,-0.3240845136039692,0.8918184408093219,1.1170531491457494,-0.33054950192367455,0.7604380292435132
3.066667,3/3 curl_four_fingers_thumb_up,0.433333,-1.0,1.5,1.2,0.0,0.0,0.0,0.0,0.0,0.25637925925925925,0.0,0.0,0.0,0.024035555555555557,0.47269925925925926,0.6329362962962963,0.5408000000000001,0.47269925925925926,0.6329362962962963,0.22032592592592595,0.032047407407407406,0.47269925925925926,0.6329362962962963,0.22032592592592595,0.06409481481481481,0.47269925925925926,0.6329362962962963,0.22032592592592595,0.8934445314411387,-0.33926412764439273,0.8834214376804688,1.0794802049310872,-0.32285803764014553,0.8915214071988902,1.116102041865641,-0.3284792973455818,0.7619499611330708
3.1,3/3 curl_four_fingers_thumb_up,0.45,-1.0,1.5,1.2,0.0,0.0,0.0,0.0,0.0,0.27216000000000007,0.0,0.0,0.0,0.025515000000000003,0.5017950000000001,0.6718950000000001,0.5740875000000001,0.5017950000000001,0.6718950000000001,0.23388750000000005,0.03402000000000001,0.5017950000000001,0.6718950000000001,0.23388750000000005,0.06804000000000002,0.5017950000000001,0.6718950000000001,0.23388750000000005,0.8934445314411387,-0.33926412764439273,0.8834214376804688,1.0795663250511953,-0.32162438001476334,0.8912035539797513,1.1150289827068467,-0.32648239066260115,0.7635023486902909
3.133333,3/3 curl_four_fingers_thumb_up,0.466667,-1.0,1.5,1.2,0.0,0.0,0.0,0.0,0.0,0.2880474074074074,0.0,0.0,0.0,0.027004444444444442,0.5310874074074073,0.7111170370370371,0.6076,0.5310874074074073,0.7111170370370371,0.24754074074074076,0.03600592592592593,0.5310874074074073,0.7111170370370371,0.24754074074074076,0.07201185185185185,0.5310874074074073,0.7111170370370371,0.24754074074074076,0.8934445314411387,-0.33926412764439273,0.8834214376804688,1.0796452576689464,-0.32038672470797,0.8908652469719575,1.11383817177541,-0.3245713586722447,0.7650869597098343
3.166667,3/3 curl_four_fingers_thumb_up,0.483333,-1.0,1.5,1.2,0.0,0.0,0.0,0.0,0.0,0.3040059259259259,0.0,0.0,0.0,0.028500555555555553,0.5605109259259259,0.7505146296296297,0.6412625000000001,0.5605109259259259,0.7505146296296297,0.2612550925925926,0.03800074074074074,0.5605109259259259,0.7505146296296297,0.2612550925925926,0.07600148148148148,0.5605109259259259,0.7505146296296297,0.2612550925925926,0.8934445314411387,-0.33926412764439273,0.8834214376804688,1.079716675346128,-0.31914822886184346,0.8905070211541635,1.1125353828043143,-0.32275771288276633,0.7666950940673608
3.2,3/3 curl_four_fingers_thumb_up,0.5,-1.0,1.5,1.2,0.0,0.0,0.0,0.0,0.0,0.32,0.0,0.0,0.0,0.03,0.59,0.79,0.675,0.59,0.79,0.275,0.04,0.59,0.79,0.275,0.08,0.59,0.79,0.275,0.8934445314411387,-0.33926412764439273,0.8834214376804688,1.0797803217281516,-0.317912015251076,0.8901295813281633,1.1111278691467485,-0.3210517188817234,0.7683177222952038
3.233333,3/3 curl_four_fingers_thumb_up,0.516667,-1.0,1.5,1.2,0.0,0.0,0.0,0.0,0.0,0.3359940740740741,0.0,0.0,0.0,0.03149944444444445,0.6194890740740742,0.8294853703703705,0.7087375000000001,0.6194890740740742,0.8294853703703705,0.2887449074074075,0.041999259259259264,0.6194890740740742,0.8294853703703705,0.2887449074074075,0.08399851851851853,0.6194890740740742,0.8294853703703705,0.2887449074074075,0.8934445314411387,-0.33926412764439273,0.8834214376804688,1.0798360126040274,-0.3166811648471716,0.8897338016101445,1.1096242406680463,-0.31946223810854807,0.7699456315870364
3.266667,3/3 curl_four_fingers_thumb_up,0.533333,-1.0,1.5,1.2,0.0,0.0,0.0,0.0,0.0,0.3519525925925926,0.0,0.0,0.0,0.032995555555555556,0.6489125925925926,0.868882962962963,0.7424000000000001,0.6489125925925926,0.868882962962963,0.30245925925925926,0.043994074074074074,0.6489125925925926,0.868882962962963,0.30245925925925926,0.08798814814814815,0.6489125925925926,0.868882962962963,0.30245925925925926,0.8934445314411387,-0.33926412764439273,0.8834214376804688,1.079883636489782,-0.31545870959269406,0.8893207237744681,1.1080343146720342,-0.31799659639016803,0.7715695753636923
3.3,3/3 curl_four_fingers_thumb_up,0.55,-1.0,1.5,1.2,0.0,0.0,0.0,0.0,0.0,0.36784000000000006,0.0,0.0,0.0,0.034485,0.6782050000000001,0.9081050000000002,0.7759125000000002,0.6782050000000001,0.9081050000000002,0.3161125000000001,0.04598000000000001,0.6782050000000001,0.9081050000000002,0.3161125000000001,0.09196000000000001,0.6782050000000001,0.9081050000000002,0.3161125000000001,0.8934445314411387,-0.33926412764439273,0.8834214376804688,1.079923154728323,-0.3142476255015023,0.8888915544827127,1.1063689448279526,-0.3166604827361603,0.7731804224214188
3.333333,3/3 curl_four_fingers_thumb_up,0.566667,-1.0,1.5,1.2,0.0,0.0,0.0,0.0,0.0,0.38362074074074076,0.0,0.0,0.0,0.035964444444444445,0.7073007407407407,0.9470637037037037,0.8092,0.7073007407407407,0.9470637037037037,0.32967407407407406,0.047952592592592595,0.7073007407407407,0.9470637037037037,0.32967407407407406,0.09590518518518519,0.7073007407407407,0.9470637037037037,0.32967407407407406,0.8934445314411387,-0.33926412764439273,0.8834214376804688,1.079954601101623,-0.3130508261989789,0.8884476614373134,1.1046398327537306,-0.3154578809032714,0.7747693017141846
3.366667,3/3 curl_four_fingers_thumb_up,0.583333,-1.0,1.5,1.2,0.0,0.0,0.0,0.0,0.0,0.3992592592592593,0.0,0.0,0.0,0.03743055555555556,0.7361342592592593,0.9856712962962965,0.8421875000000002,0.7361342592592593,0.9856712962962965,0.343113425925926,0.049907407407407414,0.7361342592592593,0.9856712962962965,0.343113425925926,0.09981481481481483,0.7361342592592593,0.9856712962962965,0.343113425925926,0.8934445314411387,-0.33926412764439273,0.8834214376804688,1.0799780809539747,-0.311871157013051,0.8879905685052357,1.1028593274312402,-0.3143910351703573,0.7763277389917282
3.4,3/3 curl_four_fingers_thumb_up,0.6,-1.0,1.5,1.2,0.0,0.0,0.0,0.0,0.0,0.41472000000000003,0.0,0.0,0.0,0.03888,0.76464,1.02384,0.8748000000000001,0.76464,1.02384,0.35640000000000005,0.051840000000000004,0.76464,1.02384,0.35640000000000005,0.10368000000000001,0.76464,1.02384,0.35640000000000005,0.8934445314411387,-0.33926412764439273,0.8834214376804688,1.0799937698279352,-0.3107113897223711,0.8875219498625948,1.1010402179586636,-0.3134604506597404,0.77784778181649
3.433333,3/3 curl_four_fingers_thumb_up,0.616667,-1.0,1.5,1.2,0.0,0.0,0.0,0.0,0.0,0.42996740740740746,0.0,0.0,0.0,0.040309444444444446,0.7927524074074075,1.0614820370370373,0.9069625000000002,0.7927524074074075,1.0614820370370373,0.3695032407407408,0.05374592592592593,0.7927524074074075,1.0614820370370373,0.3695032407407408,0.10749185185185187,0.7927524074074075,1.0614820370370373,0.3695032407407408,0.8934445314411387,-0.33926412764439273,0.8834214376804688,1.0800019116173116,-0.30957421806244745,0.8870436232158253,1.0991955252731975,-0.3126649274468838,0.779322109900687
3.466667,3/3 curl_four_fingers_thumb_up,0.633333,-1.0,1.5,1.2,0.0,0.0,0.0,0.0,0.0,0.44496592592592593,0.0,0.0,0.0,0.041715555555555554,0.8204059259259259,1.0985096296296297,0.9386,0.8204059259259259,1.0985096296296297,0.3823925925925926,0.05562074074074074,0.8204059259259259,1.0985096296296297,0.3823925925925926,0.11124148148148148,0.8204059259259259,1.0985096296296297,0.3823925925925926,0.8934445314411387,-0.33926412764439273,0.8834214376804688,1.0800028162441218,-0.30846225408386396,0.886557542158789,1.0973382984027704,-0.3120016266632941,0.7807441282194392
3.5,3/3 curl_four_fingers_thumb_up,0.65,-1.0,1.5,1.2,0.0,0.0,0.0,0.0,0.0,0.45968000000000003,0.0,0.0,0.0,0.043095,0.847535,1.134835,0.9696375000000002,0.847535,1.134835,0.39503750000000004,0.057460000000000004,0.847535,1.134835,0.39503750000000004,0.11492000000000001,0.847535,1.134835,0.39503750000000004,0.8934445314411387,-0.33926412764439273,0.8834214376804688,1.0799968568688074,-0.3073780254491089,0.8860657877279572,1.0954814205368677,-0.3114661658603075,0.7821080409425087
3.533333,3/3 curl_four_fingers_thumb_up,0.666667,-1.0,1.5,1.2,0.0,0.0,0.0,0.0,0.0,0.47407407407407404,0.0,0.0,0.0,0.04444444444444444,0.874074074074074,1.1703703703703703,1.0,0.874074074074074,1.1703703703703703,0.40740740740740744,0.059259259259259255,0.874074074074074,1.1703703703703703,0.40740740740740744,0.11851851851851851,0.874074074074074,1.1703703703703703,0.40740740740740744,0.8934445314411387,-0.33926412764439273,0.8834214376804688,1.0799844666450338,-0.3063239737460256,0.8855705592194266,1.093637429761473,-0.31105274010088124,0.7834089048585549
3.566667,3/3 curl_four_fingers_thumb_up,0.683333,-1.0,1.5,1.2,0.0,0.0,0.0,0.0,0.0,0.4881125925925926,0.0,0.0,0.0,0.045760555555555554,0.8999575925925926,1.205027962962963,1.0296125,0.8999575925925926,1.205027962962963,0.4194717592592593,0.061014074074074075,0.8999575925925926,1.205027962962963,0.4194717592592593,0.12202814814814815,0.8999575925925926,1.205027962962963,0.4194717592592593,0.8934445314411387,-0.33926412764439273,0.8834214376804688,1.0799661350321323,-0.3053024538866187,0.8850741643319124,1.0918183587069288,-0.31075426461232075,0.7846426616130762
3.6,3/3 curl_four_fingers_thumb_up,0.7,-1.0,1.5,1.2,0.0,0.0,0.0,0.0,0.0,0.50176,0.0,0.0,0.0,0.04703999999999999,0.9251199999999998,1.2387199999999998,1.0584,0.9251199999999998,1.2387199999999998,0.43119999999999997,0.06272,0.9251199999999998,1.2387199999999998,0.43119999999999997,0.12544,0.9251199999999998,1.2387199999999998,0.43119999999999997,0.8934445314411387,-0.33926412764439273,0.8834214376804688,1.0799424036795653,-0.3043157346499938,0.8845790086989558,1.090035596641623,-0.31056253438604087,0.7858061487159131
3.633333,3/3 curl_four_fingers_thumb_up,0.716667,-1.0,1.5,1.2,0.0,0.0,0.0,0.0,0.0,0.5149807407407407,0.0,0.0,0.0,0.048279444444444444,0.9494957407407407,1.2713587037037037,1.0862875,0.9494957407407407,1.2713587037037037,0.44256157407407415,0.06437259259259259,0.9494957407407407,1.2713587037037037,0.44256157407407415,0.12874518518518518,0.9494957407407407,1.2713587037037037,0.44256157407407415,0.8934445314411387,-0.33926412764439273,0.8834214376804688,1.0799138618987043,-0.3033660004176748,0.8840875848713153,1.08829977674439,-0.31046839586276165,0.786897089869522
3.666667,3/3 curl_four_fingers_thumb_up,0.733333,-1.0,1.5,1.2,0.0,0.0,0.0,0.0,0.0,0.5277392592592592,0.0,0.0,0.0,0.04947555555555555,0.9730192592592591,1.3028562962962962,1.1132,0.9730192592592591,1.3028562962962962,0.45352592592592594,0.0659674074074074,0.9730192592592591,1.3028562962962962,0.45352592592592594,0.1319348148148148,0.9730192592592591,1.3028562962962962,0.45352592592592594,0.8934445314411387,-0.33926412764439273,0.8834214376804688,1.079881141737673,-0.30245535413853275,0.8836024608068607,1.086620690441883,-0.3104619257954077,0.7879140657014115
3.7,3/3 curl_four_fingers_thumb_up,0.75,-1.0,1.5,1.2,0.0,0.0,0.0,0.0,0.0,0.54,0.0,0.0,0.0,0.050624999999999996,0.995625,1.3331250000000001,1.1390625,0.995625,1.3331250000000001,0.46406250000000004,0.0675,0.995625,1.3331250000000001,0.46406250000000004,0.135,0.995625,1.3331250000000001,0.46406250000000004,0.8934445314411387,-0.33926412764439273,0.8834214376804688,1.0798449126749647,-0.30158582154915536,0.8831262679202038,1.0850072298412745,-0.3105326125310201,0.788856466433557
3.733333,3/3 curl_four_fingers_thumb_up,0.766667,-1.0,1.5,1.2,0.0,0.0,0.0,0.0,0.0,0.5517274074074074,0.0,0.0,0.0,0.05172444444444444,1.0172474074074074,1.3620770370370372,1.1638000000000002,1.0172474074074074,1.3620770370370372,0.4741407407407408,0.06896592592592593,1.0172474074074074,1.3620770370370372,0.4741407407407408,0.13793185185185186,1.0172474074074074,1.3620770370370372,0.4741407407407408,0.8934445314411387,-0.33926412764439273,0.8834214376804688,1.0798058759470528,-0.30075935666376447,0.8826616887378302,1.083467358458441,-0.310669535282946,0.789724428373543
3.766667,3/3 curl_four_fingers_thumb_up,0.783333,-1.0,1.5,1.2,0.0,0.0,0.0,0.0,0.0,0.5628859259259259,0.0,0.0,0.0,0.05277055555555556,1.037820925925926,1.3896246296296297,1.1873375000000002,1.037820925925926,1.3896246296296297,0.48373009259259264,0.07036074074074074,1.037820925925926,1.3896246296296297,0.48373009259259264,0.14072148148148148,1.037820925925926,1.3896246296296297,0.48373009259259264,0.8934445314411387,-0.33926412764439273,0.8834214376804688,1.0797647585241874,-0.29997784853580733,0.8822114441966075,1.0820081096682077,-0.3108615374547184,0.7905187563574128
3.8,3/3 curl_four_fingers_thumb_up,0.8,-1.0,1.5,1.2,0.0,0.0,0.0,0.0,0.0,0.5734400000000001,0.0,0.0,0.0,0.05376000000000001,1.05728,1.4156800000000003,1.2096000000000002,1.05728,1.4156800000000003,0.4928000000000001,0.07168000000000001,1.05728,1.4156800000000003,0.4928000000000001,0.14336000000000002,1.05728,1.4156800000000003,0.4928000000000001,0.8934445314411387,-0.33926412764439273,0.8834214376804688,1.0797223067470918,-0.2992431292811577,0.8817782806143101,1.0806356116114122,-0.31109739070186837,0.7912408344090325
3.833333,3/3 curl_four_fingers_thumb_up,0.816667,-1.0,1.5,1.2,0.0,0.0,0.0,0.0,0.0,0.5833540740740741,0.0,0.0,0.0,0.05468944444444444,1.0755590740740741,1.4401553703703704,1.2305125000000001,1.0755590740740741,1.4401553703703704,0.5013199074074075,0.07291925925925927,1.0755590740740741,1.4401553703703704,0.5013199074074075,0.14583851851851853,1.0755590740740741,1.4401553703703704,0.5013199074074075,0.8934445314411387,-0.33926412764439273,0.8834214376804688,1.0796792796353072,-0.2985569833404721,0.8813649563502627,1.0793551367018301,-0.3113659471489321,0.7918925269070839
3.866667,3/3 curl_four_fingers_thumb_up,0.833333,-1.0,1.5,1.2,0.0,0.0,0.0,0.0,0.0,0.5925925925925927,0.0,0.0,0.0,0.05555555555555556,1.0925925925925928,1.4629629629629632,1.2500000000000002,1.0925925925925928,1.4629629629629632,0.5092592592592594,0.07407407407407408,1.0925925925925928,1.4629629629629632,0.5092592592592594,0.14814814814814817,1.0925925925925928,1.4629629629629632,0.5092592592592594,0.8934445314411387,-0.33926412764439273,0.8834214376804688,1.0796364418755326,-0.2979211579456693,0.8809742281624323,1.0781711733950587,-0.31165627798650103,0.7924760724755203
3.9,3/3 curl_four_fingers_thumb_up,0.85,-1.0,1.5,1.2,0.0,0.0,0.0,0.0,0.0,0.60112,0.0,0.0,0.0,0.056354999999999995,1.108315,1.4840149999999999,1.2679875,1.108315,1.4840149999999999,0.5165875,0.07514,1.108315,1.4840149999999999,0.5165875,0.15028,1.108315,1.4840149999999999,0.5165875,0.8934445314411387,-0.33926412764439273,0.8834214376804688,1.0795945564955103,-0.29733737474269994,0.8806088372543907,1.0770875175139922,-0.3119577975282534,0.7929939726479952
3.933333,3/3 curl_four_fingers_thumb_up,0.866667,-1.0,1.5,1.2,0.0,0.0,0.0,0.0,0.0,0.6089007407407409,0.0,0.0,0.0,0.057084444444444445,1.1226607407407407,1.503223703703704,1.2844000000000002,1.1226607407407407,1.503223703703704,0.5232740740740741,0.0761125925925926,1.1226607407407407,1.503223703703704,0.5232740740740741,0.1522251851851852,1.1226607407407407,1.503223703703704,0.5232740740740741,0.8934445314411387,-0.33926412764439273,0.8834214376804688,1.079554377225857,-0.2968073425096934,0.8802714949916395,1.0761073801662553,-0.31226037268348217,0.7934488771168343
3.966667,3/3 curl_four_fingers_thumb_up,0.883333,-1.0,1.5,1.2,0.0,0.0,0.0,0.0,0.0,0.6158992592592593,0.0,0.0,0.0,0.05774055555555555,1.1355642592592592,1.5205012962962963,1.2991625,1.1355642592592592,1.5205012962962963,0.529288425925926,0.07698740740740741,1.1355642592592592,1.5205012962962963,0.529288425925926,0.15397481481481481,1.1355642592592592,1.5205012962962963,0.529288425925926,0.8934445314411387,-0.33926412764439273,0.8834214376804688,1.0795166405488092,-0.2963327708961345,0.8799648682519556,1.0752335091249843,-0.3125544186728058,0.7938434670811705
4.0,3/3 curl_four_fingers_thumb_up,0.9,-1.0,1.5,1.2,0.0,0.0,0.0,0.0,0.0,0.62208,0.0,0.0,0.0,0.05832,1.14696,1.53576,1.3122,1.14696,1.53576,0.5346000000000001,0.07776,1.14696,1.53576,0.5346000000000001,0.15552,1.14696,1.53576,0.5346000000000001,0.8934445314411387,-0.33926412764439273,0.8834214376804688,1.079482057429214,-0.295915385094807,0.8796915643588346,1.07446832045569,-0.3128309826634773,0.794180337878035
4.033333,3/3 curl_four_fingers_thumb_up,0.916667,-1.0,1.5,1.2,0.0,0.0,0.0,0.0,0.0,0.6274074074074074,0.0,0.0,0.0,0.058819444444444445,1.1567824074074073,1.548912037037037,1.3234375,1.1567824074074073,1.548912037037037,0.5391782407407408,0.07842592592592593,1.1567824074074073,1.548912037037037,0.5391782407407408,0.15685185185185185,1.1567824074074073,1.548912037037037,0.5391782407407408,0.8934445314411387,-0.33926412764439273,0.8834214376804688,1.0794513047193282,-0.2955569413437036,0.8794541155309502,1.0738140371324294,-0.3130818178099399,0.7944618817375889
4.066667,3/3 curl_four_fingers_thumb_up,0.933333,-1.0,1.5,1.2,0.0,0.0,0.0,0.0,0.0,0.6318459259259259,0.0,0.0,0.0,0.059235555555555555,1.164965925925926,1.5598696296296297,1.3328000000000002,1.164965925925926,1.5598696296296297,0.5429925925925927,0.07898074074074074,1.164965925925926,1.5598696296296297,0.5429925925925927,0.15796148148148148,1.164965925925926,1.5598696296296297,0.5429925925925927,0.8934445314411387,-0.33926412764439273,0.8834214376804688,1.0794250162252401,-0.2952592431397715,0.8792549627640078,1.0732728313646462,-0.31329945094260536,0.7946901711739043
4.1,3/3 curl_four_fingers_thumb_up,0.95,-1.0,1.5,1.2,0.0,0.0,0.0,0.0,0.0,0.63536,0.0,0.0,0.0,0.059565,1.171445,1.568545,1.3402125,1.171445,1.568545,0.5460125,0.07942,1.171445,1.568545,0.5460125,0.15884,1.171445,1.568545,0.5460125,0.8934445314411387,-0.33926412764439273,0.8834214376804688,1.0794037734190396,-0.2950241580300123,0.8790964390446508,1.072846967316031,-0.3134772478435735,0.7948668432317972
4.133333,3/3 curl_four_fingers_thumb_up,0.966667,-1.0,1.5,1.2,0.0,0.0,0.0,0.0,0.0,0.6379140740740741,0.0,0.0,0.0,0.05980444444444444,1.176154074074074,1.5748503703703705,1.3456000000000001,1.176154074074074,1.5748503703703705,0.5482074074074075,0.07973925925925926,1.176154074074074,1.5748503703703705,0.5482074074074075,0.15947851851851852,1.176154074074074,1.5748503703703705,0.5482074074074075,0.8934445314411387,-0.33926412764439273,0.8834214376804688,1.0793880957774518,-0.2948536348278705,0.8789807517794483,1.0725389407996364,-0.31360948067363553,0.7949929845855296
4.166667,3/3 curl_four_fingers_thumb_up,0.983333,-1.0,1.5,1.2,0.0,0.0,0.0,0.0,0.0,0.6394725925925926,0.0,0.0,0.0,0.059950555555555556,1.1790275925925926,1.5786979629629632,1.3488875000000002,1.1790275925925926,1.5786979629629632,0.5495467592592593,0.07993407407407407,1.1790275925925926,1.5786979629629632,0.5495467592592593,0.15986814814814815,1.1790275925925926,1.5786979629629632,0.5495467592592593,0.8934445314411387,-0.33926412764439273,0.8834214376804688,1.0793784307246166,-0.29474972108374103,0.8789099643057137,1.0723516123383383,-0.31369140266098855,0.7950690173557526
4.2,3/3 curl_four_fingers_thumb_up,1.0,-1.0,1.5,1.2,0.0,0.0,0.0,0.0,0.0,0.64,0.0,0.0,0.0,0.06,1.18,1.58,1.35,1.18,1.58,0.55,0.08,1.18,1.58,0.55,0.16,1.18,1.58,0.55,0.8934445314411387,-0.33926412764439273,0.8834214376804688,1.0793751431542253,-0.29471458061752953,0.8788859763353071,1.0722883296450016,-0.31371933561554083,0.7950945855078584
4.233333,hold_final_pose,0.013333,-1.0,1.5,1.2,0.0,0.0,0.0,0.0,0.0,0.6399999999999999,0.0,0.0,0.0,0.05999999999999999,1.1799999999999997,1.58,1.35,1.1799999999999997,1.58,0.55,0.07999999999999999,1.1799999999999997,1.58,0.55,0.15999999999999998,1.1799999999999997,1.58,0.55,0.8934445314411387,-0.33926412764439273,0.8834214376804688,1.0793751431542253,-0.29471458061752953,0.8788859763353071,1.0722883296450016,-0.3137193356155409,0.7950945855078584
4.266667,hold_final_pose,0.026667,-1.0,1.5,1.2,0.0,0.0,0.0,0.0,0.0,0.6399999999999999,0.0,0.0,0.0,0.06,1.1799999999999997,1.58,1.35,1.1799999999999997,1.58,0.55,0.07999999999999999,1.1799999999999997,1.58,0.55,0.15999999999999998,1.1799999999999997,1.58,0.55,0.8934445314411387,-0.33926412764439273,0.8834214376804688,1.0793751431542253,-0.29471458061752953,0.8788859763353071,1.0722883296450016,-0.3137193356155409,0.7950945855078584
4.3,hold_final_pose,0.04,-1.0,1.5,1.2,0.0,0.0,0.0,0.0,0.0,0.64,0.0,0.0,0.0,0.06,1.18,1.5799999999999998,1.35,1.18,1.5799999999999998,0.5499999999999999,0.08,1.18,1.5799999999999998,0.5499999999999999,0.16,1.18,1.5799999999999998,0.5499999999999999,0.8934445314411387,-0.33926412764439273,0.8834214376804688,1.0793751431542253,-0.29471458061752953,0.8788859763353071,1.0722883296450016,-0.31371933561554083,0.7950945855078584
4.333333,hold_final_pose,0.053333,-1.0,1.5,1.2,0.0,0.0,0.0,0.0,0.0,0.64,0.0,0.0,0.0,0.06,1.1799999999999997,1.58,1.35,1.1799999999999997,1.58,0.5499999999999999,0.08,1.1799999999999997,1.58,0.5499999999999999,0.16,1.1799999999999997,1.58,0.5499999999999999,0.8934445314411387,-0.33926412764439273,0.8834214376804688,1.0793751431542253,-0.29471458061752953,0.8788859763353071,1.0722883296450016,-0.3137193356155409,0.7950945855078584
4.366667,hold_final_pose,0.066667,-1.0,1.5,1.2,0.0,0.0,0.0,0.0,0.0,0.64,0.0,0.0,0.0,0.06,1.18,1.58,1.3500000000000003,1.18,1.58,0.5500000000000002,0.08,1.18,1.58,0.5500000000000002,0.16,1.18,1.58,0.5500000000000002,0.8934445314411387,-0.33926412764439273,0.8834214376804688,1.0793751431542253,-0.29471458061752953,0.8788859763353071,1.0722883296450016,-0.31371933561554083,0.7950945855078584
4.4,hold_final_pose,0.08,-1.0,1.5,1.2,0.0,0.0,0.0,0.0,0.0,0.64,0.0,0.0,0.0,0.06,1.1800000000000002,1.58,1.35,1.1800000000000002,1.58,0.55,0.08,1.1800000000000002,1.58,0.55,0.16,1.1800000000000002,1.58,0.55,0.8934445314411387,-0.33926412764439273,0.8834214376804688,1.0793751431542253,-0.29471458061752953,0.8788859763353071,1.0722883296450016,-0.3137193356155409,0.7950945855078584
4.433333,hold_final_pose,0.093333,-1.0,1.5,1.2000000000000002,0.0,0.0,0.0,0.0,0.0,0.64,0.0,0.0,0.0,0.060000000000000005,1.18,1.58,1.35,1.18,1.58,0.55,0.08,1.18,1.58,0.55,0.16,1.18,1.58,0.55,0.8934445314411387,-0.33926412764439273,0.8834214376804688,1.0793751431542253,-0.2947145806175295,0.8788859763353071,1.0722883296450016,-0.31371933561554083,0.7950945855078584
4.466667,hold_final_pose,0.106667,-1.0,1.5,1.2,0.0,0.0,0.0,0.0,0.0,0.64,0.0,0.0,0.0,0.06,1.18,1.58,1.35,1.18,1.58,0.55,0.08,1.18,1.58,0.55,0.16,1.18,1.58,0.55,0.8934445314411387,-0.33926412764439273,0.8834214376804688,1.0793751431542253,-0.29471458061752953,0.8788859763353071,1.0722883296450016,-0.31371933561554083,0.7950945855078584
4.5,hold_final_pose,0.12,-1.0,1.4999999999999998,1.2,0.0,0.0,0.0,0.0,0.0,0.64,0.0,0.0,0.0,0.06,1.18,1.58,1.35,1.18,1.58,0.55,0.08,1.18,1.58,0.55,0.16,1.18,1.58,0.55,0.8934445314411387,-0.33926412764439273,0.8834214376804688,1.0793751431542253,-0.29471458061752953,0.8788859763353071,1.0722883296450016,-0.31371933561554083,0.7950945855078584
4.533333,hold_final_pose,0.133333,-1.0,1.5,1.2,0.0,0.0,0.0,0.0,0.0,0.64,0.0,0.0,0.0,0.05999999999999999,1.18,1.58,1.35,1.18,1.58,0.55,0.08,1.18,1.58,0.55,0.16,1.18,1.58,0.55,0.8934445314411387,-0.33926412764439273,0.8834214376804688,1.0793751431542253,-0.29471458061752953,0.8788859763353071,1.0722883296450016,-0.31371933561554083,0.7950945855078584
4.566667,hold_final_pose,0.146667,-1.0,1.5,1.2,0.0,0.0,0.0,0.0,0.0,0.64,0.0,0.0,0.0,0.06,1.18,1.58,1.35,1.18,1.58,0.55,0.08,1.18,1.58,0.55,0.16,1.18,1.58,0.55,0.8934445314411387,-0.33926412764439273,0.8834214376804688,1.0793751431542253,-0.29471458061752953,0.8788859763353071,1.0722883296450016,-0.31371933561554083,0.7950945855078584
4.6,hold_final_pose,0.16,-1.0,1.5,1.2,0.0,0.0,0.0,0.0,0.0,0.64,0.0,0.0,0.0,0.06,1.18,1.58,1.35,1.18,1.58,0.55,0.08,1.18,1.58,0.55,0.16,1.18,1.58,0.55,0.8934445314411387,-0.33926412764439273,0.8834214376804688,1.0793751431542253,-0.29471458061752953,0.8788859763353071,1.0722883296450016,-0.31371933561554083,0.7950945855078584
4.633333,hold_final_pose,0.173333,-1.0,1.4999999999999998,1.2,0.0,0.0,0.0,0.0,0.0,0.6399999999999999,0.0,0.0,0.0,0.06,1.18,1.58,1.35,1.18,1.58,0.55,0.07999999999999999,1.18,1.58,0.55,0.15999999999999998,1.18,1.58,0.55,0.8934445314411387,-0.33926412764439273,0.8834214376804688,1.0793751431542253,-0.29471458061752953,0.8788859763353071,1.0722883296450016,-0.31371933561554083,0.7950945855078584
4.666667,hold_final_pose,0.186667,-1.0,1.5,1.2000000000000002,0.0,0.0,0.0,0.0,0.0,0.64,0.0,0.0,0.0,0.060000000000000005,1.18,1.58,1.3500000000000003,1.18,1.58,0.55,0.08,1.18,1.58,0.55,0.16,1.18,1.58,0.55,0.8934445314411387,-0.33926412764439273,0.8834214376804688,1.0793751431542253,-0.2947145806175295,0.8788859763353071,1.0722883296450016,-0.31371933561554083,0.7950945855078584
4.7,hold_final_pose,0.2,-1.0,1.5,1.2,0.0,0.0,0.0,0.0,0.0,0.6400000000000001,0.0,0.0,0.0,0.060000000000000005,1.18,1.58,1.35,1.18,1.58,0.55,0.08000000000000002,1.18,1.58,0.55,0.16000000000000003,1.18,1.58,0.55,0.8934445314411387,-0.33926412764439273,0.8834214376804688,1.0793751431542253,-0.29471458061752953,0.8788859763353071,1.0722883296450016,-0.31371933561554083,0.7950945855078584
4.733333,hold_final_pose,0.213333,-1.0,1.5000000000000002,1.2,0.0,0.0,0.0,0.0,0.0,0.64,0.0,0.0,0.0,0.06,1.18,1.5800000000000003,1.35,1.18,1.5800000000000003,0.55,0.08,1.18,1.5800000000000003,0.55,0.16,1.18,1.5800000000000003,0.55,0.8934445314411387,-0.3392641276443926,0.8834214376804688,1.0793751431542253,-0.2947145806175294,0.8788859763353071,1.0722883296450016,-0.3137193356155407,0.7950945855078584
4.766667,hold_final_pose,0.226667,-1.0,1.5,1.1999999999999997,0.0,0.0,0.0,0.0,0.0,0.64,0.0,0.0,0.0,0.06,1.18,1.58,1.35,1.18,1.58,0.55,0.08,1.18,1.58,0.55,0.16,1.18,1.58,0.55,0.8934445314411387,-0.3392641276443927,0.8834214376804691,1.0793751431542253,-0.2947145806175295,0.8788859763353074,1.0722883296450016,-0.31371933561554083,0.7950945855078587
4.8,hold_final_pose,0.24,-1.0,1.5,1.2000000000000002,0.0,0.0,0.0,0.0,0.0,0.64,0.0,0.0,0.0,0.060000000000000005,1.18,1.58,1.35,1.18,1.58,0.55,0.08,1.18,1.58,0.55,0.16,1.18,1.58,0.55,0.8934445314411387,-0.33926412764439273,0.8834214376804688,1.0793751431542253,-0.2947145806175295,0.8788859763353071,1.0722883296450016,-0.31371933561554083,0.7950945855078584
4.833333,hold_final_pose,0.253333,-1.0,1.5,1.2,0.0,0.0,0.0,0.0,0.0,0.64,0.0,0.0,0.0,0.06,1.18,1.58,1.35,1.18,1.58,0.55,0.08,1.18,1.58,0.55,0.16,1.18,1.58,0.55,0.8934445314411387,-0.33926412764439273,0.8834214376804688,1.0793751431542253,-0.29471458061752953,0.8788859763353071,1.0722883296450016,-0.31371933561554083,0.7950945855078584
4.866667,hold_final_pose,0.266667,-1.0,1.4999999999999998,1.2,0.0,0.0,0.0,0.0,0.0,0.64,0.0,0.0,0.0,0.06,1.18,1.5799999999999998,1.35,1.18,1.5799999999999998,0.55,0.08,1.18,1.5799999999999998,0.55,0.16,1.18,1.5799999999999998,0.55,0.8934445314411387,-0.33926412764439273,0.8834214376804688,1.0793751431542253,-0.29471458061752953,0.8788859763353071,1.0722883296450016,-0.31371933561554083,0.7950945855078584
4.9,hold_final_pose,0.28,-1.0,1.5,1.2,0.0,0.0,0.0,0.0,0.0,0.64,0.0,0.0,0.0,0.06,1.18,1.58,1.35,1.18,1.58,0.55,0.08,1.18,1.58,0.55,0.16,1.18,1.58,0.55,0.8934445314411387,-0.33926412764439273,0.8834214376804688,1.0793751431542253,-0.29471458061752953,0.8788859763353071,1.0722883296450016,-0.31371933561554083,0.7950945855078584
4.933333,hold_final_pose,0.293333,-1.0,1.5,1.2,0.0,0.0,0.0,0.0,0.0,0.6400000000000001,0.0,0.0,0.0,0.06,1.18,1.5800000000000003,1.35,1.18,1.5800000000000003,0.55,0.08000000000000002,1.18,1.5800000000000003,0.55,0.16000000000000003,1.18,1.5800000000000003,0.55,0.8934445314411387,-0.33926412764439273,0.8834214376804688,1.0793751431542253,-0.29471458061752953,0.8788859763353071,1.0722883296450016,-0.31371933561554083,0.7950945855078584
4.966667,hold_final_pose,0.306667,-1.0,1.5,1.1999999999999997,0.0,0.0,0.0,0.0,0.0,0.64,0.0,0.0,0.0,0.06,1.18,1.58,1.35,1.18,1.58,0.55,0.08,1.18,1.58,0.55,0.16,1.18,1.58,0.55,0.8934445314411387,-0.3392641276443927,0.8834214376804691,1.0793751431542253,-0.2947145806175295,0.8788859763353074,1.0722883296450016,-0.31371933561554083,0.7950945855078587
5.0,hold_final_pose,0.32,-1.0,1.5,1.2,0.0,0.0,0.0,0.0,0.0,0.64,0.0,0.0,0.0,0.06,1.18,1.58,1.35,1.18,1.58,0.55,0.08,1.18,1.58,0.55,0.16,1.18,1.58,0.55,0.8934445314411387,-0.33926412764439273,0.8834214376804688,1.0793751431542253,-0.29471458061752953,0.8788859763353071,1.0722883296450016,-0.31371933561554083,0.7950945855078584
5.033333,hold_final_pose,0.333333,-1.0,1.5,1.2,0.0,0.0,0.0,0.0,0.0,0.6399999999999999,0.0,0.0,0.0,0.05999999999999999,1.18,1.5799999999999998,1.35,1.18,1.5799999999999998,0.55,0.07999999999999999,1.18,1.5799999999999998,0.55,0.15999999999999998,1.18,1.5799999999999998,0.55,0.8934445314411387,-0.33926412764439273,0.8834214376804688,1.0793751431542253,-0.29471458061752953,0.8788859763353071,1.0722883296450016,-0.31371933561554083,0.7950945855078584
5.066667,hold_final_pose,0.346667,-1.0,1.5,1.2,0.0,0.0,0.0,0.0,0.0,0.64,0.0,0.0,0.0,0.06,1.18,1.58,1.35,1.18,1.58,0.55,0.08,1.18,1.58,0.55,0.16,1.18,1.58,0.55,0.8934445314411387,-0.33926412764439273,0.8834214376804688,1.0793751431542253,-0.29471458061752953,0.8788859763353071,1.0722883296450016,-0.31371933561554083,0.7950945855078584
5.1,hold_final_pose,0.36,-1.0,1.5,1.2,0.0,0.0,0.0,0.0,0.0,0.64,0.0,0.0,0.0,0.06,1.18,1.58,1.35,1.18,1.58,0.55,0.08,1.18,1.58,0.55,0.16,1.18,1.58,0.55,0.8934445314411387,-0.33926412764439273,0.8834214376804688,1.0793751431542253,-0.29471458061752953,0.8788859763353071,1.0722883296450016,-0.31371933561554083,0.7950945855078584
5.133333,hold_final_pose,0.373333,-1.0,1.5,1.1999999999999997,0.0,0.0,0.0,0.0,0.0,0.6399999999999999,0.0,0.0,0.0,0.05999999999999999,1.18,1.58,1.35,1.18,1.58,0.55,0.07999999999999999,1.18,1.58,0.55,0.15999999999999998,1.18,1.58,0.55,0.8934445314411387,-0.3392641276443927,0.8834214376804691,1.0793751431542253,-0.2947145806175295,0.8788859763353074,1.0722883296450016,-0.31371933561554083,0.7950945855078587
5.166667,hold_final_pose,0.386667,-1.0,1.5000000000000002,1.2,0.0,0.0,0.0,0.0,0.0,0.64,0.0,0.0,0.0,0.06,1.18,1.58,1.35,1.18,1.58,0.55,0.08,1.18,1.58,0.55,0.16,1.18,1.58,0.55,0.8934445314411387,-0.3392641276443926,0.8834214376804688,1.0793751431542253,-0.2947145806175294,0.8788859763353071,1.0722883296450016,-0.31371933561554066,0.7950945855078584
5.2,hold_final_pose,0.4,-1.0,1.5,1.2,0.0,0.0,0.0,0.0,0.0,0.64,0.0,0.0,0.0,0.06,1.18,1.58,1.35,1.18,1.58,0.55,0.08,1.18,1.58,0.55,0.16,1.18,1.58,0.55,0.8934445314411387,-0.33926412764439273,0.8834214376804688,1.0793751431542253,-0.29471458061752953,0.8788859763353071,1.0722883296450016,-0.31371933561554083,0.7950945855078584
5.233333,hold_final_pose,0.413333,-1.0,1.5,1.2,0.0,0.0,0.0,0.0,0.0,0.64,0.0,0.0,0.0,0.06,1.18,1.58,1.35,1.18,1.58,0.55,0.08,1.18,1.58,0.55,0.16,1.18,1.58,0.55,0.8934445314411387,-0.33926412764439273,0.8834214376804688,1.0793751431542253,-0.29471458061752953,0.8788859763353071,1.0722883296450016,-0.31371933561554083,0.7950945855078584
5.266667,hold_final_pose,0.426667,-1.0,1.5,1.2,0.0,0.0,0.0,0.0,0.0,0.64,0.0,0.0,0.0,0.06,1.18,1.58,1.35,1.18,1.58,0.55,0.08,1.18,1.58,0.55,0.16,1.18,1.58,0.55,0.8934445314411387,-0.33926412764439273,0.8834214376804688,1.0793751431542253,-0.29471458061752953,0.8788859763353071,1.0722883296450016,-0.31371933561554083,0.7950945855078584
5.3,hold_final_pose,0.44,-1.0,1.5,1.2,0.0,0.0,0.0,0.0,0.0,0.64,0.0,0.0,0.0,0.06,1.18,1.58,1.35,1.18,1.58,0.55,0.08,1.18,1.58,0.55,0.16,1.18,1.58,0.55,0.8934445314411387,-0.33926412764439273,0.8834214376804688,1.0793751431542253,-0.29471458061752953,0.8788859763353071,1.0722883296450016,-0.31371933561554083,0.7950945855078584
5.333333,hold_final_pose,0.453333,-1.0,1.5,1.2,0.0,0.0,0.0,0.0,0.0,0.64,0.0,0.0,0.0,0.06,1.18,1.58,1.35,1.18,1.58,0.55,0.08,1.18,1.58,0.55,0.16,1.18,1.58,0.55,0.8934445314411387,-0.33926412764439273,0.8834214376804688,1.0793751431542253,-0.29471458061752953,0.8788859763353071,1.0722883296450016,-0.31371933561554083,0.7950945855078584
5.366667,hold_final_pose,0.466667,-1.0,1.5,1.2,0.0,0.0,0.0,0.0,0.0,0.64,0.0,0.0,0.0,0.06,1.18,1.58,1.35,1.18,1.58,0.55,0.08,1.18,1.58,0.55,0.16,1.18,1.58,0.55,0.8934445314411387,-0.33926412764439273,0.8834214376804688,1.0793751431542253,-0.29471458061752953,0.8788859763353071,1.0722883296450016,-0.31371933561554083,0.7950945855078584
5.4,hold_final_pose,0.48,-1.0,1.5,1.2,0.0,0.0,0.0,0.0,0.0,0.64,0.0,0.0,0.0,0.06,1.18,1.58,1.35,1.18,1.58,0.55,0.08,1.18,1.58,0.55,0.16,1.18,1.58,0.55,0.8934445314411387,-0.33926412764439273,0.8834214376804688,1.0793751431542253,-0.29471458061752953,0.8788859763353071,1.0722883296450016,-0.31371933561554083,0.7950945855078584
5.433333,hold_final_pose,0.493333,-1.0,1.5,1.2,0.0,0.0,0.0,0.0,0.0,0.6400000000000001,0.0,0.0,0.0,0.06,1.18,1.58,1.35,1.18,1.58,0.55,0.08000000000000002,1.18,1.58,0.55,0.16000000000000003,1.18,1.58,0.55,0.8934445314411387,-0.33926412764439273,0.8834214376804688,1.0793751431542253,-0.29471458061752953,0.8788859763353071,1.0722883296450016,-0.31371933561554083,0.7950945855078584
5.466667,hold_final_pose,0.506667,-1.0,1.5,1.2,0.0,0.0,0.0,0.0,0.0,0.64,0.0,0.0,0.0,0.06,1.18,1.58,1.35,1.18,1.58,0.55,0.08,1.18,1.58,0.55,0.16,1.18,1.58,0.55,0.8934445314411387,-0.33926412764439273,0.8834214376804688,1.0793751431542253,-0.29471458061752953,0.8788859763353071,1.0722883296450016,-0.31371933561554083,0.7950945855078584
5.5,hold_final_pose,0.52,-1.0,1.5,1.2,0.0,0.0,0.0,0.0,0.0,0.64,0.0,0.0,0.0,0.06,1.18,1.58,1.35,1.18,1.58,0.55,0.08,1.18,1.58,0.55,0.16,1.18,1.58,0.55,0.8934445314411387,-0.33926412764439273,0.8834214376804688,1.0793751431542253,-0.29471458061752953,0.8788859763353071,1.0722883296450016,-0.31371933561554083,0.7950945855078584
5.533333,hold_final_pose,0.533333,-1.0,1.5,1.2,0.0,0.0,0.0,0.0,0.0,0.64,0.0,0.0,0.0,0.06,1.18,1.58,1.35,1.18,1.58,0.55,0.08,1.18,1.58,0.55,0.16,1.18,1.58,0.55,0.8934445314411387,-0.33926412764439273,0.8834214376804688,1.0793751431542253,-0.29471458061752953,0.8788859763353071,1.0722883296450016,-0.31371933561554083,0.7950945855078584
5.566667,hold_final_pose,0.546667,-1.0,1.5,1.2,0.0,0.0,0.0,0.0,0.0,0.64,0.0,0.0,0.0,0.06,1.18,1.58,1.35,1.18,1.58,0.55,0.08,1.18,1.58,0.55,0.16,1.18,1.58,0.55,0.8934445314411387,-0.33926412764439273,0.8834214376804688,1.0793751431542253,-0.29471458061752953,0.8788859763353071,1.0722883296450016,-0.31371933561554083,0.7950945855078584
5.6,hold_final_pose,0.56,-1.0,1.5,1.2,0.0,0.0,0.0,0.0,0.0,0.64,0.0,0.0,0.0,0.06,1.18,1.58,1.35,1.18,1.58,0.55,0.08,1.18,1.58,0.55,0.16,1.18,1.58,0.55,0.8934445314411387,-0.33926412764439273,0.8834214376804688,1.0793751431542253,-0.29471458061752953,0.8788859763353071,1.0722883296450016,-0.31371933561554083,0.7950945855078584
5.633333,hold_final_pose,0.573333,-1.0,1.5,1.2,0.0,0.0,0.0,0.0,0.0,0.64,0.0,0.0,0.0,0.06,1.18,1.58,1.35,1.18,1.58,0.55,0.08,1.18,1.58,0.55,0.16,1.18,1.58,0.55,0.8934445314411387,-0.33926412764439273,0.8834214376804688,1.0793751431542253,-0.29471458061752953,0.8788859763353071,1.0722883296450016,-0.31371933561554083,0.7950945855078584
5.666667,hold_final_pose,0.586667,-1.0,1.5,1.2,0.0,0.0,0.0,0.0,0.0,0.64,0.0,0.0,0.0,0.06,1.18,1.58,1.35,1.18,1.58,0.55,0.08,1.18,1.58,0.55,0.16,1.18,1.58,0.55,0.8934445314411387,-0.33926412764439273,0.8834214376804688,1.0793751431542253,-0.29471458061752953,0.8788859763353071,1.0722883296450016,-0.31371933561554083,0.7950945855078584
5.7,hold_final_pose,0.6,-1.0,1.5,1.2,0.0,0.0,0.0,0.0,0.0,0.64,0.0,0.0,0.0,0.06,1.18,1.58,1.35,1.18,1.58,0.55,0.08,1.18,1.58,0.55,0.16,1.18,1.58,0.55,0.8934445314411387,-0.33926412764439273,0.8834214376804688,1.0793751431542253,-0.29471458061752953,0.8788859763353071,1.0722883296450016,-0.31371933561554083,0.7950945855078584
5.733333,hold_final_pose,0.613333,-1.0,1.5,1.2,0.0,0.0,0.0,0.0,0.0,0.64,0.0,0.0,0.0,0.06,1.18,1.58,1.35,1.18,1.58,0.55,0.08,1.18,1.58,0.55,0.16,1.18,1.58,0.55,0.8934445314411387,-0.33926412764439273,0.8834214376804688,1.0793751431542253,-0.29471458061752953,0.8788859763353071,1.0722883296450016,-0.31371933561554083,0.7950945855078584
5.766667,hold_final_pose,0.626667,-1.0,1.5,1.2,0.0,0.0,0.0,0.0,0.0,0.64,0.0,0.0,0.0,0.06,1.18,1.58,1.35,1.18,1.58,0.55,0.08,1.18,1.58,0.55,0.16,1.18,1.58,0.55,0.8934445314411387,-0.33926412764439273,0.8834214376804688,1.0793751431542253,-0.29471458061752953,0.8788859763353071,1.0722883296450016,-0.31371933561554083,0.7950945855078584
5.8,hold_final_pose,0.64,-1.0,1.5,1.2,0.0,0.0,0.0,0.0,0.0,0.64,0.0,0.0,0.0,0.06,1.18,1.58,1.35,1.18,1.58,0.55,0.08,1.18,1.58,0.55,0.16,1.18,1.58,0.55,0.8934445314411387,-0.33926412764439273,0.8834214376804688,1.0793751431542253,-0.29471458061752953,0.8788859763353071,1.0722883296450016,-0.31371933561554083,0.7950945855078584
5.833333,hold_final_pose,0.653333,-1.0,1.5,1.2,0.0,0.0,0.0,0.0,0.0,0.64,0.0,0.0,0.0,0.06,1.18,1.58,1.35,1.18,1.58,0.55,0.08,1.18,1.58,0.55,0.16,1.18,1.58,0.55,0.8934445314411387,-0.33926412764439273,0.8834214376804688,1.0793751431542253,-0.29471458061752953,0.8788859763353071,1.0722883296450016,-0.31371933561554083,0.7950945855078584
5.866667,hold_final_pose,0.666667,-1.0,1.5,1.2,0.0,0.0,0.0,0.0,0.0,0.64,0.0,0.0,0.0,0.06,1.18,1.58,1.35,1.18,1.58,0.55,0.08,1.18,1.58,0.55,0.16,1.18,1.58,0.55,0.8934445314411387,-0.33926412764439273,0.8834214376804688,1.0793751431542253,-0.29471458061752953,0.8788859763353071,1.0722883296450016,-0.31371933561554083,0.7950945855078584
5.9,hold_final_pose,0.68,-1.0,1.5,1.2,0.0,0.0,0.0,0.0,0.0,0.64,0.0,0.0,0.0,0.06,1.18,1.58,1.35,1.18,1.58,0.55,0.08,1.18,1.58,0.55,0.16,1.18,1.58,0.55,0.8934445314411387,-0.33926412764439273,0.8834214376804688,1.0793751431542253,-0.29471458061752953,0.8788859763353071,1.0722883296450016,-0.31371933561554083,0.7950945855078584
5.933333,hold_final_pose,0.693333,-1.0,1.5,1.2,0.0,0.0,0.0,0.0,0.0,0.64,0.0,0.0,0.0,0.06,1.18,1.58,1.35,1.18,1.58,0.55,0.08,1.18,1.58,0.55,0.16,1.18,1.58,0.55,0.8934445314411387,-0.33926412764439273,0.8834214376804688,1.0793751431542253,-0.29471458061752953,0.8788859763353071,1.0722883296450016,-0.31371933561554083,0.7950945855078584
5.966667,hold_final_pose,0.706667,-1.0,1.5,1.2,0.0,0.0,0.0,0.0,0.0,0.64,0.0,0.0,0.0,0.06,1.18,1.58,1.35,1.18,1.58,0.55,0.08,1.18,1.58,0.55,0.16,1.18,1.58,0.55,0.8934445314411387,-0.33926412764439273,0.8834214376804688,1.0793751431542253,-0.29471458061752953,0.8788859763353071,1.0722883296450016,-0.31371933561554083,0.7950945855078584
6.0,hold_final_pose,0.72,-1.0,1.5,1.2,0.0,0.0,0.0,0.0,0.0,0.64,0.0,0.0,0.0,0.06,1.18,1.58,1.35,1.18,1.58,0.55,0.08,1.18,1.58,0.55,0.16,1.18,1.58,0.55,0.8934445314411387,-0.33926412764439273,0.8834214376804688,1.0793751431542253,-0.29471458061752953,0.8788859763353071,1.0722883296450016,-0.31371933561554083,0.7950945855078584
6.033333,hold_final_pose,0.733333,-1.0,1.5,1.2,0.0,0.0,0.0,0.0,0.0,0.64,0.0,0.0,0.0,0.06,1.18,1.58,1.35,1.18,1.58,0.55,0.08,1.18,1.58,0.55,0.16,1.18,1.58,0.55,0.8934445314411387,-0.33926412764439273,0.8834214376804688,1.0793751431542253,-0.29471458061752953,0.8788859763353071,1.0722883296450016,-0.31371933561554083,0.7950945855078584
6.066667,hold_final_pose,0.746667,-1.0,1.5,1.2,0.0,0.0,0.0,0.0,0.0,0.64,0.0,0.0,0.0,0.06,1.18,1.58,1.35,1.18,1.58,0.55,0.08,1.18,1.58,0.55,0.16,1.18,1.58,0.55,0.8934445314411387,-0.33926412764439273,0.8834214376804688,1.0793751431542253,-0.29471458061752953,0.8788859763353071,1.0722883296450016,-0.31371933561554083,0.7950945855078584
6.1,hold_final_pose,0.76,-1.0,1.5,1.2,0.0,0.0,0.0,0.0,0.0,0.64,0.0,0.0,0.0,0.06,1.18,1.58,1.35,1.18,1.58,0.55,0.08,1.18,1.58,0.55,0.16,1.18,1.58,0.55,0.8934445314411387,-0.33926412764439273,0.8834214376804688,1.0793751431542253,-0.29471458061752953,0.8788859763353071,1.0722883296450016,-0.31371933561554083,0.7950945855078584
6.133333,hold_final_pose,0.773333,-1.0,1.5,1.2,0.0,0.0,0.0,0.0,0.0,0.64,0.0,0.0,0.0,0.06,1.18,1.58,1.35,1.18,1.58,0.55,0.08,1.18,1.58,0.55,0.16,1.18,1.58,0.55,0.8934445314411387,-0.33926412764439273,0.8834214376804688,1.0793751431542253,-0.29471458061752953,0.8788859763353071,1.0722883296450016,-0.31371933561554083,0.7950945855078584
6.166667,hold_final_pose,0.786667,-1.0,1.5,1.2,0.0,0.0,0.0,0.0,0.0,0.64,0.0,0.0,0.0,0.06,1.18,1.58,1.35,1.18,1.58,0.55,0.08,1.18,1.58,0.55,0.16,1.18,1.58,0.55,0.8934445314411387,-0.33926412764439273,0.8834214376804688,1.0793751431542253,-0.29471458061752953,0.8788859763353071,1.0722883296450016,-0.31371933561554083,0.7950945855078584
6.2,hold_final_pose,0.8,-1.0,1.5,1.2,0.0,0.0,0.0,0.0,0.0,0.64,0.0,0.0,0.0,0.06,1.18,1.58,1.35,1.18,1.58,0.55,0.08,1.18,1.58,0.55,0.16,1.18,1.58,0.55,0.8934445314411387,-0.33926412764439273,0.8834214376804688,1.0793751431542253,-0.29471458061752953,0.8788859763353071,1.0722883296450016,-0.31371933561554083,0.7950945855078584
6.233333,hold_final_pose,0.813333,-1.0,1.5,1.2,0.0,0.0,0.0,0.0,0.0,0.64,0.0,0.0,0.0,0.06,1.18,1.58,1.35,1.18,1.58,0.55,0.08,1.18,1.58,0.55,0.16,1.18,1.58,0.55,0.8934445314411387,-0.33926412764439273,0.8834214376804688,1.0793751431542253,-0.29471458061752953,0.8788859763353071,1.0722883296450016,-0.31371933561554083,0.7950945855078584
6.266667,hold_final_pose,0.826667,-1.0,1.5,1.2,0.0,0.0,0.0,0.0,0.0,0.64,0.0,0.0,0.0,0.06,1.18,1.58,1.35,1.18,1.58,0.55,0.08,1.18,1.58,0.55,0.16,1.18,1.58,0.55,0.8934445314411387,-0.33926412764439273,0.8834214376804688,1.0793751431542253,-0.29471458061752953,0.8788859763353071,1.0722883296450016,-0.31371933561554083,0.7950945855078584
6.3,hold_final_pose,0.84,-1.0,1.5,1.2,0.0,0.0,0.0,0.0,0.0,0.64,0.0,0.0,0.0,0.06,1.18,1.58,1.35,1.18,1.58,0.55,0.08,1.18,1.58,0.55,0.16,1.18,1.58,0.55,0.8934445314411387,-0.33926412764439273,0.8834214376804688,1.0793751431542253,-0.29471458061752953,0.8788859763353071,1.0722883296450016,-0.31371933561554083,0.7950945855078584
6.333333,hold_final_pose,0.853333,-1.0,1.5,1.2,0.0,0.0,0.0,0.0,0.0,0.64,0.0,0.0,0.0,0.06,1.18,1.58,1.35,1.18,1.58,0.55,0.08,1.18,1.58,0.55,0.16,1.18,1.58,0.55,0.8934445314411387,-0.33926412764439273,0.8834214376804688,1.0793751431542253,-0.29471458061752953,0.8788859763353071,1.0722883296450016,-0.31371933561554083,0.7950945855078584
6.366667,hold_final_pose,0.866667,-1.0,1.5,1.2,0.0,0.0,0.0,0.0,0.0,0.6400000000000001,0.0,0.0,0.0,0.06,1.18,1.58,1.35,1.18,1.58,0.55,0.08000000000000002,1.18,1.58,0.55,0.16000000000000003,1.18,1.58,0.55,0.8934445314411387,-0.33926412764439273,0.8834214376804688,1.0793751431542253,-0.29471458061752953,0.8788859763353071,1.0722883296450016,-0.31371933561554083,0.7950945855078584
6.4,hold_final_pose,0.88,-1.0,1.5,1.2,0.0,0.0,0.0,0.0,0.0,0.64,0.0,0.0,0.0,0.06,1.18,1.58,1.35,1.18,1.58,0.55,0.08,1.18,1.58,0.55,0.16,1.18,1.58,0.55,0.8934445314411387,-0.33926412764439273,0.8834214376804688,1.0793751431542253,-0.29471458061752953,0.8788859763353071,1.0722883296450016,-0.31371933561554083,0.7950945855078584
6.433333,hold_final_pose,0.893333,-1.0,1.5,1.2,0.0,0.0,0.0,0.0,0.0,0.64,0.0,0.0,0.0,0.06,1.18,1.58,1.35,1.18,1.58,0.55,0.08,1.18,1.58,0.55,0.16,1.18,1.58,0.55,0.8934445314411387,-0.33926412764439273,0.8834214376804688,1.0793751431542253,-0.29471458061752953,0.8788859763353071,1.0722883296450016,-0.31371933561554083,0.7950945855078584
6.466667,hold_final_pose,0.906667,-1.0,1.5,1.2,0.0,0.0,0.0,0.0,0.0,0.64,0.0,0.0,0.0,0.06,1.18,1.58,1.35,1.18,1.58,0.55,0.08,1.18,1.58,0.55,0.16,1.18,1.58,0.55,0.8934445314411387,-0.33926412764439273,0.8834214376804688,1.0793751431542253,-0.29471458061752953,0.8788859763353071,1.0722883296450016,-0.31371933561554083,0.7950945855078584
6.5,hold_final_pose,0.92,-1.0,1.5,1.2,0.0,0.0,0.0,0.0,0.0,0.64,0.0,0.0,0.0,0.06,1.18,1.58,1.35,1.18,1.58,0.55,0.08,1.18,1.58,0.55,0.16,1.18,1.58,0.55,0.8934445314411387,-0.33926412764439273,0.8834214376804688,1.0793751431542253,-0.29471458061752953,0.8788859763353071,1.0722883296450016,-0.31371933561554083,0.7950945855078584
6.533333,hold_final_pose,0.933333,-1.0,1.5,1.2,0.0,0.0,0.0,0.0,0.0,0.64,0.0,0.0,0.0,0.06,1.18,1.58,1.35,1.18,1.58,0.55,0.08,1.18,1.58,0.55,0.16,1.18,1.58,0.55,0.8934445314411387,-0.33926412764439273,0.8834214376804688,1.0793751431542253,-0.29471458061752953,0.8788859763353071,1.0722883296450016,-0.31371933561554083,0.7950945855078584
6.566667,hold_final_pose,0.946667,-1.0,1.5,1.2,0.0,0.0,0.0,0.0,0.0,0.64,0.0,0.0,0.0,0.06,1.18,1.58,1.35,1.18,1.58,0.55,0.08,1.18,1.58,0.55,0.16,1.18,1.58,0.55,0.8934445314411387,-0.33926412764439273,0.8834214376804688,1.0793751431542253,-0.29471458061752953,0.8788859763353071,1.0722883296450016,-0.31371933561554083,0.7950945855078584
6.6,hold_final_pose,0.96,-1.0,1.5,1.2,0.0,0.0,0.0,0.0,0.0,0.64,0.0,0.0,0.0,0.06,1.1800000000000002,1.58,1.35,1.1800000000000002,1.58,0.55,0.08,1.1800000000000002,1.58,0.55,0.16,1.1800000000000002,1.58,0.55,0.8934445314411387,-0.33926412764439273,0.8834214376804688,1.0793751431542253,-0.29471458061752953,0.8788859763353071,1.0722883296450016,-0.3137193356155409,0.7950945855078584
6.633333,hold_final_pose,0.973333,-1.0,1.5,1.2,0.0,0.0,0.0,0.0,0.0,0.64,0.0,0.0,0.0,0.06,1.18,1.58,1.35,1.18,1.58,0.55,0.08,1.18,1.58,0.55,0.16,1.18,1.58,0.55,0.8934445314411387,-0.33926412764439273,0.8834214376804688,1.0793751431542253,-0.29471458061752953,0.8788859763353071,1.0722883296450016,-0.31371933561554083,0.7950945855078584
6.666667,hold_final_pose,0.986667,-1.0,1.5,1.2,0.0,0.0,0.0,0.0,0.0,0.64,0.0,0.0,0.0,0.06,1.18,1.58,1.35,1.18,1.58,0.55,0.08,1.18,1.58,0.55,0.16,1.18,1.58,0.55,0.8934445314411387,-0.33926412764439273,0.8834214376804688,1.0793751431542253,-0.29471458061752953,0.8788859763353071,1.0722883296450016,-0.31371933561554083,0.7950945855078584
6.7,hold_final_pose,1.0,-1.0,1.5,1.2,0.0,0.0,0.0,0.0,0.0,0.64,0.0,0.0,0.0,0.06,1.18,1.58,1.35,1.18,1.58,0.55,0.08,1.18,1.58,0.55,0.16,1.18,1.58,0.55,0.8934445314411387,-0.33926412764439273,0.8834214376804688,1.0793751431542253,-0.29471458061752953,0.8788859763353071,1.0722883296450016,-0.31371933561554083,0.7950945855078584
